Wall time,Step,Value
1705479741.693554,6,0.001434285775758326
1705479744.7443926,16,0.0013559670187532902
1705479746.8491387,19,0.0013457050081342459
1705479751.968114,25,0.0013157976791262627
1705479761.7042463,41,0.0012362187262624502
1705479761.7797387,43,0.00119279813952744
1705479763.8472078,45,0.0012004056479781866
1705479763.9472158,46,0.0012040293077006936
1705479763.979651,48,0.0012239022180438042
1705479768.199531,54,0.0011591381626203656
1705479768.2853234,55,0.0011695260182023048
1705479770.2490814,57,0.0011369339190423489
1705479775.6502602,66,0.0010928696719929576
1705479777.7329404,72,0.0010488495463505387
1705479780.0822115,73,0.001039815368130803
1705479780.101583,74,0.0010307293850928545
1705479780.1222365,75,0.0010707788169384003
1705479782.3746793,80,0.0010515800677239895
1705479787.8773284,88,0.0010073865996673703
1705479791.951894,95,0.0009368620812892914
1705479797.2513196,103,0.0009406209574081004
1705479799.3751895,106,0.0009039919241331518
1705479799.4046721,107,0.0009492247481830418
1705479803.5990365,114,0.0009054354741238058
1705479805.6495588,119,0.0008503185817971826
1705479811.1416724,127,0.0009757882216945291
1705479813.2758257,130,0.0008092487696558237
1705479813.2923725,131,0.0007971908198669553
1705479817.6706347,140,0.0007638050010427833
1705479821.0565107,142,0.0007744705653749406
1705479821.0737228,143,0.000758440000936389
1705479825.2838724,151,0.0007247886387631297
1705479827.463487,156,0.0007128434954211116
1705479829.4140418,159,0.0007192554767243564
1705479834.7830322,168,0.0006906875059939921
1705479836.8203123,169,0.0006955362041480839
1705479841.212379,178,0.0006561538903042674
1705479841.2301714,179,0.0006569504621438682
1705479844.4386172,184,0.0006404471932910383
1705479846.709332,186,0.0006319033564068377
1705479846.7267015,187,0.0006569853285327554
1705479848.893135,191,0.0006134145660325885
1705479853.0839508,199,0.0006014001555740833
1705479858.394046,207,0.0005987008335068822
1705479858.4111936,208,0.0005923733115196228
1705479860.4599423,209,0.0005846787826158106
1705479862.670457,213,0.000563556794077158
1705479867.970686,224,0.0005472329212352633
1705479871.9914947,230,0.0005394636536948383
1705479874.126676,235,0.0005184382316656411
1705479876.1430712,238,0.0005335570313036442
1705479883.6445205,250,0.00049626175314188
1705479885.8224223,256,0.0005042004049755633
1705479891.0722294,261,0.0004890909767709672
1705479891.1362498,264,0.0004952354938723147
1705479893.206119,268,0.00045991752995178103
1705479895.0998542,272,0.0004582960391417146
1705479897.251004,274,0.00047400276525877416
1705479909.0775073,293,0.0004189027822576463
1705479911.2138343,298,0.00043767972965724766
1705479911.2292247,299,0.0004049207200296223
1705479914.6467717,304,0.0004123068356420845
1705479916.7498446,308,0.00040857604471966624
1705479918.9116075,309,0.00040478157461620867
1705479918.948192,311,0.0003966122167184949
1705479923.1172037,319,0.0003946967190131545
1705479923.133968,320,0.0003888263017870486
1705479928.7571974,326,0.0003845027240458876
1705479928.774769,327,0.0003910265222657472
1705479928.791089,328,0.00038550476892851293
1705479930.9154804,331,0.00036725032259710133
1705479935.091491,340,0.00037119461921975017
1705479940.57882,348,0.0003614534216467291
1705479950.2309222,364,0.00033926067408174276
1705479952.226341,368,0.0003365686861798167
1705479956.1746361,374,0.00031954111182130873
1705479958.2432983,378,0.00031838766881264746
1705479958.2719219,380,0.0003184956731274724
1705479965.569719,392,0.0003419466083869338
1705479967.424275,393,0.0003105790528934449
1705479976.9458685,409,0.00030359189258888364
1705479984.7746897,422,0.0003275900089647621
1705479984.7910526,423,0.00028060292243026197
1705479986.798839,425,0.00029253552202135324
1705479988.9081368,431,0.0002744791563600302
1705479993.2684352,440,0.00028118325280956924
1705479996.3794,442,0.0002592132077552378
1705479996.4085717,443,0.0002571553341113031
1705479998.3484323,446,0.00026319819153286517
1705480000.4784446,452,0.0003352115163579583
1705480007.421515,461,0.00025639994419179857
1705480007.4976497,464,0.0002753056469373405
1705480009.4618425,465,0.00028551052673719823
1705480013.8552032,474,0.00023737364972475916
1705480013.8720593,475,0.0002641541068442166
1705480023.5934675,490,0.00026503531262278557
1705480023.6226203,492,0.00025907831150107086
1705480025.752788,494,0.00022933073341846466
1705480033.2611551,508,0.00023409604909829795
1705480037.42075,513,0.00022078576148487628
1705480037.4563026,515,0.00022558071941602975
1705480039.5614545,518,0.00022177459322847426
1705480044.7610214,526,0.0002148919302271679
1705480046.9018319,532,0.00020859971118625253
1705480048.853829,534,0.00020094358478672802
1705480050.9538436,537,0.000211605045478791
1705480054.522075,543,0.00020184446475468576
1705480056.7030945,548,0.00020933790074195713
1705480063.2586608,558,0.0001883702934719622
1705480063.291825,560,0.00021783010743092746
1705480066.8822615,564,0.00020252437388990074
1705480071.0806134,570,0.00020135373051743954
1705480073.2111766,574,0.0002007219591178
1705480073.3265638,575,0.00020392875012475997
1705480075.3590398,580,0.0001914072927320376
1705480078.6657214,582,0.00023641285952180624
1705480078.6859212,583,0.000187403304153122
1705480080.710584,585,0.00019975515897385776
1705480080.7555668,587,0.0001866747043095529
1705480080.7708235,588,0.00021015305537730455
1705480084.8281817,593,0.000176303627085872
1705480084.844848,594,0.0001865965750766918
1705480090.4228575,603,0.000189488404430449
1705480094.7088819,609,0.00020829064305871725
1705480094.739401,611,0.00018638774054124951
1705480096.8608592,616,0.00018948374781757593
1705480102.1906366,621,0.00016946390678640455
1705480102.222455,623,0.00018679400091059506
1705480108.4961715,635,0.00015872075164224952
1705480113.988816,642,0.00017304638458881527
1705480114.0063384,643,0.00017340283375233412
1705480115.9550936,645,0.00017444223340135068
1705480115.9931316,646,0.00016612188483122736
1705480116.013361,647,0.00018574722344055772
1705480116.0392761,648,0.00017549122276250273
1705480118.05469,650,0.0001583217381266877
1705480120.101502,653,0.00018518274009693414
1705480122.0944939,657,0.00016112904995679855
1705480125.5600007,662,0.0001740952575346455
1705480127.6011665,665,0.00018763350090011954
1705480129.578094,669,0.00017322684288956225
1705480129.659081,672,0.00015710157458670437
1705480131.5971107,673,0.00015769754827488214
1705480131.6798377,675,0.00016860976757016033
1705480131.6956403,676,0.00015508034266531467
1705480133.7189407,679,0.00015355546202044934
1705480133.7337472,680,0.0001426826638635248
1705480136.8799202,683,0.00019121526565868407
1705480136.9071395,684,0.00016173643234651536
1705480140.9131815,689,0.00016704936570022255
1705480140.931672,690,0.00016543011588510126
1705480144.818082,697,0.00015685295511502773
1705480144.931385,700,0.00017003818356897682
1705480148.087802,704,0.0001527240383438766
1705480150.0226865,707,0.00016963087546173483
1705480152.0186477,709,0.0001582890545250848
1705480152.052939,711,0.000152173190144822
1705480154.1383536,715,0.00014406829723156989
1705480156.1932106,719,0.0001511800946900621
1705480159.3969176,722,0.00014868022117298096
1705480159.420459,723,0.0001865872327471152
1705480159.4380867,724,0.0001440255146007985
1705480163.4623294,731,0.00018443877343088388
1705480167.622618,737,0.0001433387806173414
1705480167.6565425,739,0.00013433740241453052
1705480167.7381554,740,0.00013841589679941535
1705480170.7971303,744,0.00016948369739111513
1705480172.9449825,748,0.00013980569201521575
1705480174.935919,751,0.0001412903657183051
1705480174.9516897,752,0.00014496210496872663
1705480176.8957932,753,0.00014094714424572885
1705480176.942968,755,0.00014399249630514532
1705480178.840371,757,0.00014421038213185966
1705480184.0366611,766,0.00012951820099260658
1705480184.0537477,767,0.00013116991613060236
1705480185.9549887,770,0.00014422365347854793
1705480185.9783003,771,0.00013665109872817993
1705480186.0079496,772,0.0001426688686478883
1705480187.9882872,774,0.00015065919433254749
1705480188.0029814,775,0.00013736748951487243
1705480193.1789765,781,0.0001500310900155455
1705480195.08065,785,0.00014363684749696404
1705480195.1003315,786,0.00013414074783213437
1705480195.1343558,788,0.0001334539701929316
1705480197.2226439,790,0.00013730503269471228
1705480199.2713008,793,0.00014748073590453714
1705480199.2892435,794,0.0001494587049819529
1705480199.3054483,795,0.00013280031271278858
1705480199.3214076,796,0.0001529195869807154
1705480201.3716838,799,0.00018121849279850721
1705480204.681007,803,0.000137366761919111
1705480206.8423653,808,0.00011447953875176609
1705480208.8550696,809,0.00012008695193799213
1705480208.8727021,810,0.00012656484614126384
1705480211.1390324,816,0.00012199163757031783
1705480216.550487,822,0.00016904006770346314
1705480218.706494,826,0.00013013690477237105
1705480220.8325706,829,0.00011877746146637946
1705480223.048146,833,0.000151186395669356
1705480225.0698342,837,0.00011965935118496418
1705480225.1348789,839,0.00013160124944988638
1705480228.3549209,844,0.00012226891703903675
1705480230.289991,847,0.0001292482193093747
1705480242.1419709,868,0.00014180204016156495
1705480244.1978226,870,0.00011390198778826743
1705480244.2367384,871,0.00012242198863532394
1705480246.3646865,875,0.00012162418715888634
1705480248.4495444,877,0.00010870482947211713
1705480252.0126855,881,0.0001271585642825812
1705480252.0635438,883,0.00010744356404757127
1705480256.5205507,891,0.00011289515532553196
1705480260.75174,897,0.00012304434494581074
1705480264.1130538,901,0.0001076992048183456
1705480266.224578,908,0.00011523888679221272
1705480268.2172918,909,0.00013656125520356
1705480268.2359798,910,0.00011114212247775868
1705480268.2509,911,0.00024004314036574215
1705480270.2935402,916,0.00013933754235040396
1705480272.3990037,918,0.00012133114069001749
1705480275.7506058,921,0.00012307245924603194
1705480275.7755895,922,0.00013691761705558747
1705480275.814056,924,0.00012006705946987495
1705480279.9211075,932,0.00010534301691222936
1705480281.9225292,933,0.000104650913272053
1705480282.0650632,936,0.00011205368355149403
1705480287.3834083,943,0.00011440152593422681
1705480289.3973129,946,0.00010369247320340946
1705480293.6281385,955,9.436531399842352e-05
1705480295.5727923,957,0.00010851511615328491
1705480295.5872889,958,0.00012484597391448915
1705480295.6008003,959,0.00011326696403557435
1705480298.8854983,962,0.0001541107485536486
1705480298.9021988,963,0.00011888542212545872
1705480300.9950716,967,0.00010576748172752559
1705480303.1147923,972,0.00011521600390551612
1705480305.0328264,973,9.939217852661386e-05
1705480307.00407,977,9.74885915638879e-05
1705480307.0711067,978,0.00010890397970797494
1705480307.0879772,979,0.00010500861390028149
1705480307.1039758,980,0.0001132797624450177
1705480310.236479,984,0.0001301892480114475
1705480312.2597466,985,0.00014734403521288186
1705480312.3455648,988,0.00012936930579598993
1705480314.2102408,989,9.590216359356418e-05
1705480318.1806238,997,0.00011114397057099268
1705480321.2926083,1001,0.0001332215906586498
1705480321.3589535,1003,0.00010988718713633716
1705480323.2754076,1005,0.00011239395826123655
1705480323.3313818,1006,9.599561599316075e-05
1705480327.113682,1013,0.0001036676112562418
1705480327.2346098,1014,9.058864816324785e-05
1705480327.2522852,1015,0.00010477622709004208
1705480329.1898456,1018,0.00011161155271111056
1705480334.4783828,1026,0.00010111421579495072
1705480334.508938,1028,9.8462202004157e-05
1705480336.534198,1032,0.00010757101699709892
1705480338.5738523,1033,0.000125530845252797
1705480338.629888,1036,0.00014059677778277546
1705480340.6878188,1038,9.894886170513928e-05
1705480345.7319458,1045,0.00010667844617273659
1705480349.829546,1056,0.00012576118751894683
1705480351.7475574,1058,0.00011446547432569787
1705480355.0274823,1064,9.435266838409007e-05
1705480356.8540566,1065,0.0001005175945465453
1705480356.9752102,1067,0.00010917952022282407
1705480358.8712878,1069,0.00011155325773870572
1705480360.8539329,1073,0.00010124917753273621
1705480362.8463147,1077,7.95510713942349e-05
1705480363.0283716,1079,9.067302016774192e-05
1705480366.198912,1084,9.230822615791112e-05
1705480368.0427856,1085,9.16127028176561e-05
1705480368.2413237,1086,0.0001325925113633275
1705480372.4481263,1094,0.0001029920022119768
1705480374.4418657,1100,9.377984679304063e-05
1705480377.7402012,1104,0.00012139136379119009
1705480379.8981507,1105,9.168499673251063e-05
1705480379.913465,1106,0.0001174360077129677
1705480384.1260796,1115,0.00011049341992475092
1705480385.977707,1117,0.00011333657312206924
1705480386.1161506,1120,0.00010392693366156891
1705480391.279093,1126,0.00016872624109964818
1705480391.2941613,1127,8.361383515875787e-05
1705480395.138743,1134,9.979628521250561e-05
1705480395.1789026,1136,0.00011377430200809613
1705480406.801653,1156,0.00011974203516729176
1705480408.9260774,1157,9.753400809131563e-05
1705480412.043884,1161,9.143926581600681e-05
1705480412.0634067,1162,9.310457244282588e-05
1705480412.0768921,1163,9.533579577691853e-05
1705480423.4513667,1181,8.992278890218586e-05
1705480423.504207,1184,0.00010995221236953512
1705480425.4958951,1186,0.00010087773989653215
1705480429.5887563,1193,8.914637874113396e-05
1705480429.6041832,1194,0.00011173859820701182
1705480431.7057624,1200,7.9444631410297e-05
1705480435.0056999,1202,9.682728705229238e-05
1705480437.3634598,1207,9.293817129218951e-05
1705480439.4942582,1209,8.527400495950133e-05
1705480439.5276337,1211,8.158139098668471e-05
1705480441.7327068,1215,0.00010570963786449283
1705480449.2778404,1225,0.00010423197090858594
1705480453.5314093,1233,0.0001004776349873282
1705480453.5535426,1234,0.00014883038238622248
1705480453.5692813,1235,9.01723324204795e-05
1705480455.5746956,1237,9.191595745505765e-05
1705480455.6624823,1240,7.70588158047758e-05
1705480460.9393005,1245,8.799367788014933e-05
1705480461.0168548,1248,0.00012285311822779477
1705480465.3512366,1254,8.58943021739833e-05
1705480465.3765566,1256,9.628112456994131e-05
1705480467.6082346,1258,8.803627861198038e-05
1705480467.6208103,1259,0.00010757334530353546
1705480470.8372104,1262,0.00011162012378918007
1705480470.871313,1264,9.360342664876953e-05
1705480473.1536279,1267,8.562710718251765e-05
1705480477.3675852,1275,8.793891174718738e-05
1705480482.579747,1282,8.472624176647514e-05
1705480484.6135948,1288,0.00010255058441543952
1705480486.6236336,1292,8.528175385436043e-05
1705480488.6120417,1293,7.82860370236449e-05
1705480488.6302645,1294,0.00010963728709612042
1705480488.6471465,1295,9.22123872442171e-05
1705480493.912422,1301,7.699423440499231e-05
1705480493.9966986,1304,7.792819087626413e-05
1705480498.0598235,1311,0.00010925928654614836
1705480499.9636528,1313,7.432205893564969e-05
1705480500.0502398,1316,8.235175482695922e-05
1705480502.0563319,1317,8.987728506326675e-05
1705480502.1145024,1320,8.358152263099328e-05
1705480507.6600358,1326,7.5006035331171e-05
1705480507.6935132,1328,0.00013109082647133619
1705480509.5968857,1331,7.846929656807333e-05
1705480511.4945815,1334,7.260926213348284e-05
1705480511.5115387,1335,0.00010321972513338551
1705480513.4236796,1337,0.00010274050146108493
1705480513.4587014,1338,0.00011556033859960735
1705480516.6977067,1344,9.187123214360327e-05
1705480522.8814404,1356,8.519498078385368e-05
1705480530.340975,1367,0.0001060108988895081
1705480532.3178654,1371,7.530306174885482e-05
1705480536.3301058,1380,8.88275244506076e-05
1705480541.5589767,1385,6.855217361589894e-05
1705480541.5776467,1386,8.140320278471336e-05
1705480543.6732612,1389,8.553836960345507e-05
1705480543.6923409,1390,8.595625695306808e-05
1705480543.7268283,1392,9.607149695511907e-05
1705480545.7182407,1393,7.551680027972907e-05
1705480545.7978258,1396,9.01935127330944e-05
1705480557.549971,1413,6.496654532384127e-05
1705480557.575697,1414,0.00010745746840257198
1705480557.6823854,1415,8.337368490174413e-05
1705480559.8376346,1420,9.433763625565916e-05
1705480563.4055998,1423,8.681730832904577e-05
1705480565.6253576,1427,7.019806071184576e-05
1705480565.6929002,1428,8.393306779908016e-05
1705480567.696873,1429,6.957063305890188e-05
1705480569.7677948,1433,7.951647421577945e-05
1705480569.8325963,1434,8.325586532009766e-05
1705480571.928403,1437,7.6399723184295e-05
1705480575.5425954,1441,7.542246021330357e-05
1705480575.5774922,1443,7.261224527610466e-05
1705480583.8421307,1457,7.355359412031248e-05
1705480589.2198272,1466,7.921249198261648e-05
1705480589.2356162,1467,8.068925671977922e-05
1705480595.848996,1478,6.718216900480911e-05
1705480601.9956686,1486,7.501402433263138e-05
1705480602.0101,1487,8.003217226359993e-05
1705480605.173394,1490,7.35968496883288e-05
1705480605.199755,1492,6.764916179236025e-05
1705480607.7973392,1493,8.991050708573312e-05
1705480613.9301538,1501,8.729070395929739e-05
1705480614.0341728,1502,7.095368346199393e-05
1705480614.0505192,1503,9.992604464059696e-05
1705480616.558292,1507,8.620948938187212e-05
1705480618.6494086,1509,8.352570148417726e-05
1705480618.8046608,1511,7.379704766208306e-05
1705480623.6919243,1519,7.8262084571179e-05
1705480627.497573,1524,8.539437112631276e-05
1705480629.6261046,1525,8.849937876220793e-05
1705480629.7147782,1528,7.54773136577569e-05
1705480634.3211024,1535,9.26601787796244e-05
1705480642.679112,1547,7.256037497427315e-05
1705480644.9520438,1552,7.764401379972696e-05
1705480647.102248,1553,6.268185825319961e-05
1705480647.3495948,1555,7.010637636994943e-05
1705480647.3631363,1556,6.660057260887697e-05
1705480653.131117,1562,7.728031050646678e-05
1705480657.5094423,1569,9.092998516280204e-05
1705480657.6182392,1570,6.502496398752555e-05
1705480662.2808006,1579,6.211143045220524e-05
1705480665.8547785,1583,6.411023787222803e-05
1705480667.8881638,1585,7.002671191003174e-05
1705480669.985722,1589,8.982884901342914e-05
1705480674.3988,1598,6.931485404493287e-05
1705480679.6597872,1605,6.73795584589243e-05
1705480679.8478642,1606,7.777883729431778e-05
1705480682.2754142,1611,9.087016951525584e-05
1705480686.9478326,1619,6.35810210951604e-05
1705480690.5824914,1621,6.816572567913681e-05
1705480692.89746,1628,7.223103602882475e-05
1705480694.9959106,1629,6.671240407740697e-05
1705480697.2546651,1633,7.229997572721913e-05
1705480699.7170298,1638,9.005551692098379e-05
1705480703.5900178,1641,6.199521158123389e-05
1705480703.6368723,1643,8.444483682978898e-05
1705480705.9662855,1646,6.431145448004827e-05
1705480708.286342,1649,5.639069058815949e-05
1705480710.651237,1653,8.827981946524233e-05
1705480716.611779,1661,6.77074640407227e-05
1705480721.5545416,1669,9.279129153583199e-05
1705480721.5910683,1671,9.289033914683387e-05
1705480723.9120615,1673,0.00010603735427139327
1705480723.9677591,1676,6.580554327229038e-05
1705480726.3020494,1677,8.180825534509495e-05
1705480729.8336675,1683,8.51532822707668e-05
1705480729.8474808,1684,5.266955849947408e-05
1705480734.3025286,1692,7.654952787561342e-05
1705480736.387754,1695,6.974396819714457e-05
1705480736.4472785,1696,7.479335181415081e-05
1705480738.617927,1697,7.252318027894944e-05
1705480738.6360412,1698,8.127483306452632e-05
1705480738.7768583,1700,5.952683204668574e-05
1705480742.369692,1703,8.083362627075985e-05
1705480746.8289855,1710,7.151289173634723e-05
1705480746.8452446,1711,6.910620868438855e-05
1705480751.0427094,1718,0.00012441691069398075
1705480751.0597625,1719,8.399526996072382e-05
1705480751.0766115,1720,8.093737415038049e-05
1705480758.5477972,1729,7.390553219011053e-05
1705480760.7882965,1733,7.103042298695073e-05
1705480760.8230243,1735,6.320291140582412e-05
1705480760.8394978,1736,7.884708611527458e-05
1705480762.8943317,1738,6.959330494282767e-05
1705480766.2244616,1743,6.522623880300671e-05
1705480766.2384741,1744,6.742955156369135e-05
1705480768.336749,1746,6.782564014429227e-05
1705480768.3498614,1747,8.310848352266476e-05
1705480768.362592,1748,7.24924320820719e-05
1705480772.6033118,1753,7.534448377555236e-05
1705480780.380385,1767,7.452061981894076e-05
1705480784.9617493,1776,7.834452844690531e-05
1705480790.3408158,1782,5.693775528925471e-05
1705480794.3034983,1789,8.971108036348596e-05
1705480794.3222084,1790,0.00010000877955462784
1705480798.5202026,1799,6.58988137729466e-05
1705480804.0376108,1806,0.00010031685815192759
1705480808.462028,1814,5.2002105803694576e-05
1705480808.4784575,1815,6.957185541978106e-05
1705480810.5844212,1818,6.605934322578833e-05
1705480816.0392442,1825,6.14541131653823e-05
1705480816.0734198,1827,0.00010829810344148427
1705480818.2422194,1831,7.851203554309905e-05
1705480825.6594315,1841,6.71439483994618e-05
1705480825.7388144,1842,6.38241835986264e-05
1705480827.8365638,1845,6.634399323957041e-05
1705480829.9218643,1850,8.707295637577772e-05
1705480832.0847855,1854,6.147880048956722e-05
1705480839.2103586,1867,6.933537952136248e-05
1705480841.2768557,1869,6.270818994380534e-05
1705480841.3340926,1870,8.731934212846681e-05
1705480843.4677927,1876,0.00012985250214114785
1705480845.5107167,1877,7.686215394642204e-05
1705480845.54024,1878,6.536520959343761e-05
1705480845.5657067,1880,6.8720466515515e-05
1705480848.833905,1882,8.562869334127754e-05
1705480854.9325972,1894,6.571402627741918e-05
1705480860.2894468,1903,6.186489918036386e-05
1705480862.3938406,1907,7.00022210367024e-05
1705480864.309451,1912,5.006174978916533e-05
1705480868.3061724,1918,6.807376485085115e-05
1705480871.6814177,1924,7.604202983202413e-05
1705480873.701238,1925,4.709623317467049e-05
1705480875.8052745,1931,7.58154783397913e-05
1705480877.8150964,1935,5.913065615459345e-05
1705480879.7570784,1937,0.00013879490143153816
1705480879.8449457,1939,7.664540316909552e-05
1705480884.883646,1945,6.616662722080946e-05
1705480884.9353163,1948,5.264700303087011e-05
1705480886.951422,1950,8.281735790660605e-05
1705480888.9000106,1953,6.952891999389976e-05
1705480888.948495,1956,5.5451091611757874e-05
1705480890.952612,1959,5.6028107792371884e-05
1705480894.1343038,1961,0.00012362086272332817
1705480896.3039293,1968,8.30758290248923e-05
1705480898.3190157,1970,5.6543463870184496e-05
1705480905.4985013,1982,7.141933019738644e-05
1705480905.5148723,1983,6.927569484105334e-05
1705480905.530544,1984,6.619585474254563e-05
1705480913.373477,1998,5.740675987908617e-05
1705480916.5811167,2002,8.239938324550167e-05
1705480918.6035655,2006,7.163934060372412e-05
1705480920.6962874,2010,6.589613622054458e-05
1705480920.711287,2011,5.943828364252113e-05
1705480922.8097515,2014,5.502007115865126e-05
1705480922.8634355,2016,6.41478254692629e-05
1705480924.7589436,2018,6.276569183683023e-05
1705480930.199126,2026,5.1517559768399224e-05
1705480930.2298896,2028,6.337078229989856e-05
1705480932.4180455,2031,7.776107668178156e-05
1705480934.4108508,2034,5.9560214140219614e-05
1705480936.4512634,2037,5.025653081247583e-05
1705480936.4819384,2039,7.510407158406451e-05
1705480939.6475015,2042,6.424824096029624e-05
1705480941.6226041,2045,6.122099148342386e-05
1705480941.64776,2046,5.2962484915042296e-05
1705480951.196832,2061,7.930305582704023e-05
1705480953.255814,2068,6.337435479508713e-05
1705480957.2690825,2073,6.558411405421793e-05
1705480957.2867978,2074,4.739789437735453e-05
1705480957.302739,2075,9.991238039219752e-05
1705480959.2145407,2077,8.678845188114792e-05
1705480959.2299595,2078,5.7978275435743853e-05
1705480959.258927,2080,6.478776776930317e-05
1705480962.4042902,2082,8.096029341686517e-05
1705480964.3740094,2086,5.4474712669616565e-05
1705480966.3279283,2090,5.4832518799230456e-05
1705480968.2327058,2095,5.936974048381671e-05
1705480969.998549,2097,7.182863191701472e-05
1705480973.4024293,2104,5.1915092626586556e-05
1705480975.3192422,2106,7.362845644820482e-05
1705480975.335893,2107,5.9325106121832505e-05
1705480977.292431,2110,6.869894423289225e-05
1705480977.3250175,2112,6.113128620199859e-05
1705480979.331688,2116,5.3524818213190883e-05
1705480981.59818,2119,0.0001045343597070314
1705480984.7750633,2121,7.755764090688899e-05
1705480984.835927,2123,5.397421773523092e-05
1705480984.852703,2124,5.6237058743136004e-05
1705480990.7856936,2134,8.940582483774051e-05
1705480990.8007808,2135,6.713598122587427e-05
1705480992.8459816,2139,6.272151949815452e-05
1705480996.0770652,2142,8.065609290497378e-05
1705480998.0601974,2145,5.5864737078081816e-05
1705480998.0781136,2146,6.382740684784949e-05
1705480999.9904056,2149,5.254539428278804e-05
1705481000.0083892,2150,5.41093795618508e-05
1705481000.042165,2152,5.197588325245306e-05
1705481003.9048736,2157,6.693534669466317e-05
1705481003.9229696,2158,7.409555109916255e-05
1705481009.1158907,2165,9.070754458662122e-05
1705481009.1337104,2166,6.106724322307855e-05
1705481011.1642146,2170,6.756895163562149e-05
1705481011.1977274,2172,7.004786311881617e-05
1705481013.2214634,2174,6.932741234777495e-05
1705481015.1922395,2178,7.007580279605463e-05
1705481020.7190955,2188,6.79006552672945e-05
1705481022.7794328,2190,5.626061829389073e-05
1705481022.849153,2192,6.22309889877215e-05
1705481024.7597568,2193,9.844153828453273e-05
1705481026.7864807,2197,5.793711534352042e-05
1705481026.8723996,2200,6.75047340337187e-05
1705481032.3661687,2208,6.0347043472575024e-05
1705481034.5042617,2212,5.243584018899128e-05
1705481036.7110674,2215,8.148147753672674e-05
1705481044.5340445,2226,6.67195490677841e-05
1705481046.6131873,2230,5.302054341882467e-05
1705481046.6428618,2232,6.824135925853625e-05
1705481048.7476673,2235,5.266182779450901e-05
1705481050.8199375,2237,5.92208634770941e-05
1705481050.8377593,2238,5.1531555072870106e-05
1705481050.879878,2240,7.91311904322356e-05
1705481054.0611742,2242,4.333622200647369e-05
1705481054.0767705,2243,5.5543081543873996e-05
1705481056.0509567,2245,7.825749344192445e-05
1705481056.1001573,2247,5.385049735195935e-05
1705481056.1151454,2248,6.533691339427605e-05
1705481058.2418375,2252,6.17443656665273e-05
1705481060.2714798,2253,7.319454016396776e-05
1705481060.3067908,2255,6.299633969319984e-05
1705481062.4390662,2258,5.672043334925547e-05
1705481065.6981647,2263,7.685631862841547e-05
1705481071.982418,2275,6.019018474034965e-05
1705481074.0751102,2279,8.135612006299198e-05
1705481077.4363163,2282,4.995159906684421e-05
1705481081.6614816,2292,5.600688382401131e-05
1705481085.566392,2298,4.3248590372968465e-05
1705481085.6151316,2299,8.012010948732495e-05
1705481088.7868996,2301,5.0949824071722105e-05
1705481088.87579,2304,5.1373343012528494e-05
1705481090.89792,2307,5.819125726702623e-05
1705481090.9127202,2308,6.274685438256711e-05
1705481092.8770726,2309,6.859301356598735e-05
1705481096.9162896,2319,5.05605639773421e-05
1705481096.9328125,2320,9.606216190150008e-05
1705481099.9827535,2321,6.826240860391408e-05
1705481100.050445,2323,5.2098388550803065e-05
1705481106.348191,2335,6.903598114149645e-05
1705481106.4670324,2336,0.00012051851081196219
1705481108.3704119,2337,6.909288640599698e-05
1705481108.4117048,2338,5.741620407206938e-05
1705481113.6472263,2346,7.640255353180692e-05
1705481117.7282937,2355,4.566418283502571e-05
1705481119.7335732,2360,6.339410174405202e-05
1705481124.85094,2368,5.6599928939249367e-05
1705481126.7998514,2369,6.938393926247954e-05
1705481126.8922696,2372,5.218082878855057e-05
1705481134.1553597,2383,7.449893018929288e-05
1705481136.0648158,2386,5.981033609714359e-05
1705481138.003301,2389,6.10462375334464e-05
1705481138.0590353,2390,4.5354921894613653e-05
1705481138.0737472,2391,5.043273267801851e-05
1705481139.8689482,2393,5.362668525776826e-05
1705481145.0315738,2401,4.7302284656325355e-05
1705481145.0890522,2403,5.756734753958881e-05
1705481146.9629338,2405,5.669477832270786e-05
1705481147.0363157,2407,5.936866728006862e-05
1705481153.017484,2417,5.381430310080759e-05
1705481158.4873292,2425,7.28828672436066e-05
1705481158.5050278,2426,6.226214463822544e-05
1705481160.559899,2431,5.026857616030611e-05
1705481164.8559277,2437,6.629536073887721e-05
1705481170.2628305,2445,8.240597526310012e-05
1705481172.5398285,2451,5.807349589304067e-05
1705481172.5566015,2452,5.19686727784574e-05
1705481174.589554,2453,8.019424421945587e-05
1705481174.6061752,2454,4.8198431613855064e-05
1705481174.7072065,2456,6.285234849201515e-05
1705481180.0729122,2461,6.714771006954834e-05
1705481188.4052975,2480,5.14386993017979e-05
1705481191.5676308,2482,4.905477544525638e-05
1705481193.7340708,2486,5.198255894356407e-05
1705481193.7509623,2487,9.17085781111382e-05
1705481199.8194406,2497,4.639937469619326e-05
1705481199.9404092,2499,6.740380922565237e-05
1705481203.1404703,2502,6.437376578105614e-05
1705481203.157391,2503,3.925466808141209e-05
1705481203.1744647,2504,5.856179632246494e-05
1705481209.4363909,2514,4.826753865927458e-05
1705481209.453258,2515,5.261166734271683e-05
1705481211.53188,2518,4.870612974627875e-05
1705481211.5637295,2520,5.572400914388709e-05
1705481214.8153844,2524,7.610015745740384e-05
1705481216.850466,2526,5.3355244745034724e-05
1705481218.9205575,2529,7.762573659420013e-05
1705481218.9731221,2531,5.583470920100808e-05
1705481221.0194304,2533,5.0106817070627585e-05
1705481221.0666614,2535,4.98299123137258e-05
1705481226.4371269,2544,6.025126640452072e-05
1705481228.5491,2548,6.611245044041425e-05
1705481230.741073,2552,5.810191578348167e-05
1705481232.7524061,2554,5.538607729249634e-05
1705481234.9037914,2557,4.7764442570041865e-05
1705481234.9447548,2560,6.0087855672463775e-05
1705481240.2197688,2566,5.774428791482933e-05
1705481240.2336633,2567,5.304460501065478e-05
1705481242.3688242,2571,4.7828976676100865e-05
1705481244.3478599,2574,4.995800190954469e-05
1705481246.3923438,2577,0.00014793701120652258
1705481246.4184043,2579,8.426127169514075e-05
1705481249.6524973,2584,6.265873525990173e-05
1705481251.6278992,2588,6.361127452692017e-05
1705481253.6391668,2591,6.169921107357368e-05
1705481253.663193,2592,5.7747332903090864e-05
1705481255.765922,2593,5.616203270619735e-05
1705481255.784657,2594,0.00011878730583703145
1705481257.8864195,2597,5.4663687478750944e-05
1705481261.032252,2601,6.575686711585149e-05
1705481263.1929147,2607,0.0001080039655789733
1705481263.210332,2608,5.2138468163320795e-05
1705481265.2230217,2611,4.898935731034726e-05
1705481269.5437155,2619,5.903960482100956e-05
1705481272.8023372,2624,6.363286229316145e-05
1705481274.7372754,2627,6.170064443722367e-05
1705481276.87309,2630,5.731316196033731e-05
1705481276.8976316,2631,5.50646691408474e-05
1705481278.89454,2633,5.71535638300702e-05
1705481279.038451,2636,4.739304131362587e-05
1705481280.9419277,2637,5.3648916946258396e-05
1705481280.9986622,2639,6.676867633359507e-05
1705481286.4901288,2645,5.348166814655997e-05
1705481286.5424225,2648,7.225316221592948e-05
1705481288.6130795,2651,4.702174192061648e-05
1705481288.6301496,2652,5.1487862947396934e-05
1705481290.7035952,2656,4.100465230294503e-05
1705481296.166808,2662,5.1580755098257214e-05
1705481302.3131442,2675,6.194620073074475e-05
1705481304.3026555,2679,8.772722503636032e-05
1705481307.612408,2681,7.306957559194416e-05
1705481309.6507668,2686,7.676238601561636e-05
1705481311.769748,2691,4.6152443246683106e-05
1705481316.063287,2700,5.3048086556373164e-05
1705481319.4324818,2704,5.9096266340930015e-05
1705481321.5410633,2708,7.582078251289204e-05
1705481323.5937543,2711,5.179857544135302e-05
1705481333.0686953,2726,6.817878602305427e-05
1705481337.3943288,2736,5.670688915415667e-05
1705481339.3653674,2737,6.495120032923296e-05
1705481339.4043353,2738,8.160302240867168e-05
1705481342.819646,2741,5.187668284634128e-05
1705481344.940025,2747,5.201542444410734e-05
1705481349.0175803,2753,6.614434823859483e-05
1705481349.053704,2754,5.025497011956759e-05
1705481349.0684707,2755,5.498185055330396e-05
1705481349.085595,2756,4.950174843543209e-05
1705481351.027241,2757,5.1202332542743534e-05
1705481351.092719,2758,4.9429403588874266e-05
1705481351.1098661,2759,6.695902993669733e-05
1705481356.2561471,2767,6.330188625724986e-05
1705481370.082745,2790,3.707436553668231e-05
1705481370.1098893,2791,5.599791984423064e-05
1705481370.1249409,2792,4.859534601564519e-05
1705481374.275692,2799,6.769179890397936e-05
1705481381.6041367,2810,4.744253965327516e-05
1705481381.6371157,2812,5.1692197303054854e-05
1705481383.7447476,2816,6.440007564378902e-05
1705481389.0089169,2824,5.49294964002911e-05
1705481391.0330698,2825,5.388467980083078e-05
1705481391.084684,2828,5.660842725774273e-05
1705481393.0719771,2830,6.1747086874675e-05
1705481393.087968,2831,4.799616726813838e-05
1705481395.0530198,2833,6.432715599657968e-05
1705481404.4055896,2852,6.695318006677553e-05
1705481408.3363473,2857,6.892982491990551e-05
1705481408.390606,2860,5.501351915881969e-05
1705481411.6188967,2863,6.339415267575532e-05
1705481415.7712185,2872,5.685542055289261e-05
1705481417.7093704,2873,0.00010218111128779128
1705481419.7590938,2879,0.00010817762813530862
1705481423.0294864,2881,8.112721116049215e-05
1705481423.0497794,2882,4.233250001561828e-05
1705481425.0407538,2888,5.695725485566072e-05
1705481427.006907,2891,4.9687954742694274e-05
1705481427.0203247,2892,6.409504567272961e-05
1705481430.840537,2897,5.411510937847197e-05
1705481430.9493442,2899,5.05340431118384e-05
1705481433.9062836,2901,5.1221872126916423e-05
1705481433.984874,2904,6.97519863024354e-05
1705481435.9523358,2905,7.372246909653768e-05
1705481440.1282165,2913,4.506457844399847e-05
1705481442.0716999,2918,6.794794171582907e-05
1705481442.1018386,2920,7.403754716506228e-05
1705481444.9721513,2921,4.3077379814349115e-05
1705481445.0289643,2922,6.147310341475531e-05
1705481450.910936,2933,4.8270532715832815e-05
1705481456.0370057,2943,5.025069185649045e-05
1705481460.0733871,2951,6.194413435878232e-05
1705481469.4387546,2968,5.532634168048389e-05
1705481473.3029923,2973,4.521467417362146e-05
1705481473.3358939,2975,3.904770710505545e-05
1705481473.3514132,2976,3.980990732088685e-05
1705481475.2440164,2979,5.6641292758286e-05
1705481482.4800658,2989,0.0001001477285171859
1705481484.5068274,2995,8.437255019089207e-05
1705481486.5705137,2999,4.688390254159458e-05
1705481489.7125342,3004,4.216649540467188e-05
1705481491.690405,3006,4.3378535337978974e-05
1705481491.7336915,3008,5.268491804599762e-05
1705481493.7589881,3010,4.037454345962033e-05
1705481493.7897167,3012,5.0963197281816974e-05
1705481495.7013075,3016,0.00021319066581781954
1705481497.587121,3017,4.381000326247886e-05
1705481497.6641176,3020,4.361877290648408e-05
1705481500.7544212,3021,5.34775790583808e-05
1705481500.772374,3022,5.44966860616114e-05
1705481502.8777704,3026,5.272427370073274e-05
1705481502.9176667,3028,6.225430115591735e-05
1705481504.911561,3031,4.8068162868730724e-05
1705481504.928802,3032,7.357011782005429e-05
1705481507.0102472,3034,5.961837450740859e-05
1705481509.0706184,3039,5.8817739045480266e-05
1705481512.406298,3041,4.259523848304525e-05
1705481512.4239712,3042,5.530981798074208e-05
1705481512.4390154,3043,8.882063411874697e-05
1705481516.7316265,3049,5.1819839427480474e-05
1705481516.7670271,3051,4.8654961574357e-05
1705481518.9294953,3054,4.5785578549839556e-05
1705481524.6638546,3063,5.884113488718867e-05
1705481526.8562176,3066,5.240636892267503e-05
1705481526.8888414,3068,4.596737926476635e-05
1705481529.0084958,3070,4.90554521093145e-05
1705481529.0373862,3072,3.944265336031094e-05
1705481531.0880954,3074,4.618820094037801e-05
1705481536.558107,3083,4.907711991108954e-05
1705481538.5757725,3087,5.625475023407489e-05
1705481540.5890262,3089,5.7201614254154265e-05
1705481540.6696615,3092,5.996483378112316e-05
1705481544.7033772,3100,4.4532564061228186e-05
1705481548.0156074,3104,8.548648474970832e-05
1705481550.1163077,3108,6.347516318783164e-05
1705481554.1763425,3114,5.5256939958781004e-05
1705481559.4198701,3121,5.2819359552813694e-05
1705481559.4524164,3123,5.2939718443667516e-05
1705481561.5519614,3128,5.878819138160907e-05
1705481565.8160834,3135,5.7618337450549006e-05
1705481567.7426386,3138,6.08066693530418e-05
1705481567.7600126,3139,5.2981198678025976e-05
1705481570.9840543,3144,7.668024773010984e-05
1705481572.8840117,3145,5.365696779335849e-05
1705481572.9120903,3146,4.370899478089996e-05
1705481572.9464214,3148,5.4348020057659596e-05
1705481574.8841698,3151,5.236216020421125e-05
1705481576.8636792,3156,3.6354162148199975e-05
1705481578.850742,3159,5.327571489033289e-05
1705481578.8668835,3160,4.08149317081552e-05
1705481581.8638275,3162,6.0894424677826464e-05
1705481583.894596,3168,5.8893507230095565e-05
1705481589.982746,3178,5.598244388238527e-05
1705481595.1963232,3185,5.543235602090135e-05
1705481595.4406002,3188,5.120302375871688e-05
1705481597.4747226,3189,5.478860839502886e-05
1705481599.7430844,3196,4.784576594829559e-05
1705481601.7094884,3197,4.8877041990635917e-05
1705481601.8575032,3198,4.047181937494315e-05
1705481601.8745193,3199,4.572630496113561e-05
1705481605.322639,3204,5.533468720386736e-05
1705481607.3920555,3207,5.821633021696471e-05
1705481621.1411889,3231,6.610152922803536e-05
1705481623.3743215,3234,4.9217152991332114e-05
1705481623.406706,3236,4.988252476323396e-05
1705481628.7022781,3241,5.9271944337524474e-05
1705481628.7495687,3244,5.395567131927237e-05
1705481630.744098,3245,4.973918112227693e-05
1705481630.772692,3247,4.526438351604156e-05
1705481630.7861156,3248,5.5693839385639876e-05
1705481634.937338,3255,4.382046972750686e-05
1705481636.9604392,3257,6.345805013552308e-05
1705481636.9982462,3259,5.3167521400609985e-05
1705481642.3293233,3268,4.165897553320974e-05
1705481646.4551215,3273,5.052630149293691e-05
1705481646.4703438,3274,5.075693115941249e-05
1705481648.5552824,3280,4.649580660043284e-05
1705481651.8289042,3282,5.523029903997667e-05
1705481651.8774047,3284,7.881916826590896e-05
1705481653.9309812,3286,6.625575042562559e-05
1705481655.9666429,3290,9.95614827843383e-05
1705481657.9412804,3293,5.16317377332598e-05
1705481659.7971437,3297,4.820482718059793e-05
1705481664.9523594,3306,6.885614857310429e-05
1705481665.0017195,3307,4.4656015234068036e-05
1705481665.015613,3308,3.6351262679090723e-05
1705481669.072632,3314,8.456044452032074e-05
1705481674.5584195,3322,7.272956281667575e-05
1705481676.7154033,3326,7.592370093334466e-05
1705481676.7477312,3328,6.291034515015781e-05
1705481678.7668593,3329,9.50493777054362e-05
1705481678.7844684,3330,3.828120316029526e-05
1705481680.8117526,3334,5.816056000185199e-05
1705481682.835678,3339,7.90527556091547e-05
1705481688.1090105,3346,6.621905777137727e-05
1705481692.2343092,3354,4.812335828319192e-05
1705481694.3642786,3358,6.0688351368298754e-05
1705481697.894765,3362,4.104202889720909e-05
1705481697.9737384,3364,6.392962677637115e-05
1705481702.29339,3370,5.240297468844801e-05
1705481704.2615805,3373,4.337873178883456e-05
1705481704.3587046,3375,0.00011301894846837968
1705481706.2849333,3377,4.291774530429393e-05
1705481706.4029884,3379,3.7178895581746474e-05
1705481709.6243024,3382,4.114766124985181e-05
1705481709.672603,3384,9.297600627178326e-05
1705481711.7754114,3387,4.481440919335e-05
1705481713.9416435,3391,5.380666698329151e-05
1705481715.8383062,3393,6.705563282594085e-05
1705481717.9410481,3399,5.6127417337847874e-05
1705481721.0332935,3404,4.587786679621786e-05
1705481723.035956,3405,4.4065993279218674e-05
1705481724.976779,3409,6.277474312810227e-05
1705481727.0632775,3416,4.267511030775495e-05
1705481734.1742997,3427,5.2686275012092665e-05
1705481736.330329,3430,5.8624136727303267e-05
1705481736.3476255,3431,5.16574400535319e-05
1705481738.4590309,3434,3.8508151192218065e-05
1705481740.4661016,3439,4.676319440477528e-05
1705481745.7347937,3445,3.942517651012167e-05
1705481745.7503965,3446,6.078029764466919e-05
1705481747.8740156,3450,6.68602588120848e-05
1705481747.9260187,3452,4.5773809688398615e-05
1705481752.0965621,3458,6.044385736458935e-05
1705481752.1145337,3459,4.632216223399155e-05
1705481755.3243005,3461,4.3523650674615055e-05
1705481757.5194318,3465,6.13899392192252e-05
1705481759.5409348,3472,4.780516610480845e-05
1705481763.6532197,3478,4.229887781548314e-05
1705481766.8630545,3481,3.983223359682597e-05
1705481769.0328963,3487,9.176524326903746e-05
1705481773.095068,3495,5.596093978965655e-05
1705481774.9541638,3498,5.7074961659964174e-05
1705481775.0979836,3500,5.549786874325946e-05
1705481778.2088726,3501,5.4551328503293917e-05
1705481780.2186453,3506,4.585701390169561e-05
1705481780.2785873,3507,4.537999120657332e-05
1705481782.5184696,3510,7.48502352507785e-05
1705481782.5638444,3512,4.3341733544366434e-05
1705481784.5346744,3513,6.097029472584836e-05
1705481784.636915,3515,4.376948345452547e-05
1705481786.7317426,3520,5.6693272199481726e-05
1705481794.1831744,3530,4.896455357084051e-05
1705481796.421206,3536,5.350653009372763e-05
1705481798.4737194,3538,4.924934546579607e-05
1705481798.4906266,3539,5.765439345850609e-05
1705481801.8008435,3543,4.367256406112574e-05
1705481801.8172355,3544,4.2475021473364905e-05
1705481804.0118983,3548,5.468699964694679e-05
1705481806.0463839,3550,4.925068060401827e-05
1705481808.2351384,3556,5.1477691158652306e-05
1705481810.1793542,3557,4.690605419455096e-05
1705481810.2418838,3560,5.224602864473127e-05
1705481813.4780228,3564,3.2087726140161976e-05
1705481819.6065855,3576,5.149952994543128e-05
1705481825.2101905,3581,5.465860522235744e-05
1705481825.2756484,3582,6.021010995027609e-05
1705481825.3124542,3584,9.702763054519892e-05
1705481832.013499,3593,5.624669574899599e-05
1705481832.0312614,3594,5.203984983381815e-05
1705481834.248821,3600,5.9927166148554534e-05
1705481837.6093585,3601,4.815553984371945e-05
1705481837.703733,3603,5.420472734840587e-05
1705481843.9945233,3615,4.093997995369136e-05
1705481846.1767843,3619,5.974230225547217e-05
1705481849.3931704,3621,5.269990651868284e-05
1705481849.485395,3623,4.6632478188257664e-05
1705481851.64726,3626,3.555027433321811e-05
1705481853.748991,3629,5.6013508583419025e-05
1705481858.0139666,3638,4.3379048292990774e-05
1705481861.3185318,3644,4.79805312352255e-05
1705481863.3491344,3646,3.93941045331303e-05
1705481869.4006581,3657,6.908595241839066e-05
1705481869.5613763,3658,5.6454940931871533e-05
1705481872.933791,3664,4.768039070768282e-05
1705481877.1242619,3671,6.269650475587696e-05
1705481891.6559901,3695,4.581551183946431e-05
1705481891.673104,3696,5.5755259381840006e-05
1705481893.838822,3698,4.746187187265605e-05
1705481897.1301293,3701,7.295035175047815e-05
1705481897.171568,3703,5.6902725191321224e-05
1705481909.3250165,3724,5.0854458095273e-05
1705481911.472464,3727,7.384097261819988e-05
1705481913.770784,3731,4.878737672697753e-05
1705481913.786957,3732,7.160773384384811e-05
1705481915.8364146,3733,5.074116779724136e-05
1705481915.953001,3735,5.709992183255963e-05
1705481918.1671333,3739,3.954106796300039e-05
1705481921.4799411,3742,5.3873318393016234e-05
1705481921.5140884,3744,0.00012542057083919644
1705481923.547001,3746,4.710313442046754e-05
1705481927.590454,3753,4.12806766689755e-05
1705481927.6719308,3756,4.9081678298534825e-05
1705481929.7319489,3757,5.189395960769616e-05
1705481929.77239,3760,4.9004611355485395e-05
1705481935.2151146,3765,4.310183066991158e-05
1705481939.4382386,3773,4.452780558494851e-05
1705481941.563785,3777,6.522978219436482e-05
1705481941.6330302,3779,3.965729774790816e-05
1705481944.9745486,3781,4.923343294649385e-05
1705481944.9939172,3782,6.311800825642422e-05
1705481947.202359,3788,6.0769394622184336e-05
1705481949.2549891,3792,5.9032456192653626e-05
1705481951.4296153,3794,4.9613838200457394e-05
1705481951.4610343,3796,4.6707933506695554e-05
1705481953.6093488,3799,4.9910926463780925e-05
1705481959.310246,3808,4.9457725253887475e-05
1705481961.5149877,3810,6.522232433781028e-05
1705481961.5299032,3811,4.905879177385941e-05
1705481963.842381,3815,4.312545570428483e-05
1705481966.189673,3820,8.852909377310425e-05
1705481969.6228657,3822,4.506750701693818e-05
1705481973.9995513,3832,6.327706068987027e-05
1705481976.1287744,3834,3.7442183383973315e-05
1705481976.1644464,3836,4.769454972120002e-05
1705481985.81319,3849,4.986172280041501e-05
1705481988.0662007,3853,5.387007331592031e-05
1705481988.1761856,3855,5.2336636144900694e-05
1705481995.6729214,3865,6.236384069779888e-05
1705481997.8502893,3870,4.813006307813339e-05
1705482001.8907647,3877,8.115270611597225e-05
1705482001.994171,3880,6.330850010272115e-05
1705482005.3716657,3882,4.021459608338773e-05
1705482007.6081316,3888,4.678473123931326e-05
1705482011.9567971,3895,6.656892946921289e-05
1705482017.4019487,3902,4.424020153237507e-05
1705482017.4267814,3903,3.9147987990872934e-05
1705482017.4437017,3904,4.2164021579083055e-05
1705482019.5547466,3906,5.013290137867443e-05
1705482021.776053,3909,5.559846977121197e-05
1705482021.8076444,3911,4.5022541598882526e-05
1705482026.1490927,3917,5.059193790657446e-05
1705482029.3879364,3921,3.910350278601982e-05
1705482029.4145553,3922,4.377697769086808e-05
1705482031.6737428,3928,5.8536050346447155e-05
1705482033.8900762,3929,5.597382551059127e-05
1705482033.9579718,3930,4.110776353627443e-05
1705482036.3061564,3935,5.858104850631207e-05
1705482036.3259494,3936,4.666161476052366e-05
1705482038.589937,3940,5.01629474456422e-05
1705482046.4395466,3951,4.172439003014006e-05
1705482050.6963599,3957,5.295360824675299e-05
1705482054.1425354,3961,7.192734483396634e-05
1705482054.2215714,3963,7.811073010088876e-05
1705482056.413857,3966,4.882579014520161e-05
1705482056.4474592,3968,4.920966603094712e-05
1705482060.8038616,3974,5.218785736360587e-05
1705482062.9272547,3977,7.328162610065192e-05
1705482066.4006617,3981,4.959439320373349e-05
1705482068.599584,3985,0.0001708727068034932
1705482068.6962616,3987,4.0441718738293275e-05
1705482070.690561,3990,4.662790161091834e-05
1705482070.7933388,3992,5.594250251306221e-05
1705482073.003962,3996,6.766321166651323e-05
1705482074.9709244,3998,5.722824789700098e-05
1705482075.049103,4000,4.3234242184553295e-05
