Wall time,Step,Value
1706688314.1390874,19,22.281143188476562
1706688315.4855576,25,20.00117301940918
1706688318.1653972,41,17.288482666015625
1706688318.6831837,43,17.042491912841797
1706688319.464787,46,16.81763458251953
1706688322.0747156,57,15.843229293823242
1706688325.4760296,72,14.711050987243652
1706688326.072447,75,14.464111328125
1706688329.8871002,95,13.648038864135742
1706688332.3851686,107,13.306142807006836
1706688336.7390218,127,12.880290031433105
1706688341.9649177,156,12.526500701904297
1706688342.4570465,159,12.470701217651367
1706688344.5599663,168,12.319815635681152
1706688347.8842635,184,12.213732719421387
1706688348.1728566,186,12.280317306518555
1706688357.1853426,230,11.963603973388672
1706688357.8585498,235,11.912711143493652
1706688361.0629842,250,11.970807075500488
1706688362.3871043,256,11.88291072845459
1706688363.5688274,261,11.8278226852417
1706688364.8391657,268,11.83520221710205
1706688365.786339,274,11.822592735290527
1706688372.6720548,309,11.778287887573242
1706688373.0900273,311,11.705431938171387
1706688374.4716444,319,11.723647117614746
1706688378.0676303,340,11.585119247436523
1706688379.4519093,348,11.680437088012695
1706688383.7769587,368,11.60474967956543
1706688395.0724165,422,11.510371208190918
1706688395.3730576,423,11.523212432861328
1706688398.1854825,440,11.487954139709473
1706688398.6694944,443,11.595935821533203
1706688399.1900885,446,11.509401321411133
1706688402.5392666,461,11.50401782989502
1706688403.0747313,464,11.480854988098145
1706688403.2541907,465,11.528600692749023
1706688405.0391188,475,11.528547286987305
1706688408.367028,494,11.561588287353516
1706688412.471618,515,11.527039527893066
1706688415.6792564,532,11.539308547973633
1706688416.739072,537,11.568317413330078
1706688423.1390676,564,11.455410957336426
1706688424.8395712,574,11.460705757141113
1706688425.7762892,580,11.503337860107422
1706688427.0791044,587,11.548325538635254
1706688427.2585156,588,11.565492630004883
1706688434.3843606,621,11.453207969665527
1706688434.7749865,623,11.480735778808594
1706688436.9503164,635,11.445572853088379
1706688438.6862555,642,11.43885612487793
1706688438.8754737,643,11.406068801879883
1706688439.274868,645,11.435699462890625
1706688439.772164,648,11.498381614685059
1706688440.2391737,650,11.426990509033203
1706688442.774809,662,11.457287788391113
1706688444.4735048,672,11.476874351501465
1706688452.7742765,715,11.482340812683105
1706688454.3600461,723,11.412842750549316
1706688456.0721552,731,11.44566535949707
1706688457.4661696,740,11.437555313110352
1706688459.3390942,753,11.419096946716309
1706688459.9685414,757,11.430015563964844
1706688462.0005834,766,11.405336380004883
1706688462.5881035,770,11.465252876281738
1706688463.0676682,772,11.470623970031738
1706688463.4449854,774,11.559529304504395
1706688464.681565,781,11.395573616027832
1706688465.43901,786,11.402947425842285
1706688465.667753,788,11.407432556152344
1706688466.3391626,793,11.4364595413208
1706688466.5691383,795,11.375958442687988
1706688467.1673675,799,11.354592323303223
1706688468.2648025,803,11.356212615966797
1706688469.2869902,809,11.365431785583496
1706688469.4740918,810,11.400308609008789
1706688474.7816088,833,11.417213439941406
1706688475.4697924,837,11.421289443969727
1706688481.6772442,870,11.389388084411621
1706688482.8707469,877,11.413810729980469
1706688484.4720523,883,11.434943199157715
1706688487.1710825,897,11.39327621459961
1706688488.1808143,901,11.42904281616211
1706688489.2970273,908,11.412540435791016
1706688489.6680555,910,11.455132484436035
1706688491.2729735,918,11.443187713623047
1706688493.8391502,932,11.499205589294434
1706688493.9664783,933,11.424419403076172
1706688495.5748823,943,11.470693588256836
1706688496.169507,946,11.38853645324707
1706688497.5695615,955,11.395038604736328
1706688498.9694626,963,11.47490119934082
1706688500.839179,972,11.406914710998535
1706688501.0392382,973,11.434972763061523
1706688501.981671,979,11.446837425231934
1706688502.1755102,980,11.431838035583496
1706688503.3808305,985,11.402460098266602
1706688506.5862029,1003,11.433150291442871
1706688507.16761,1006,11.416117668151855
1706688508.4657986,1015,11.405978202819824
1706688514.6680238,1045,11.457372665405273
1706688516.8862722,1058,11.458733558654785
1706688518.350393,1064,11.435552597045898
1706688518.767362,1067,11.444171905517578
1706688519.081202,1069,11.406149864196777
1706688519.7391984,1073,11.405623435974121
1706688520.6814685,1079,11.448745727539062
1706688521.7392733,1084,11.46291732788086
1706688523.2500033,1094,11.505349159240723
1706688524.2701037,1100,11.444846153259277
1706688525.5796435,1105,11.468120574951172
1706688527.7871683,1115,11.50718879699707
1706688536.2755904,1157,11.440302848815918
1706688537.2833464,1161,11.395927429199219
1706688537.4843845,1162,11.495061874389648
1706688537.679031,1163,11.437725067138672
1706688540.7390978,1181,11.475452423095703
1706688543.7688007,1194,11.487395286560059
1706688546.4663494,1207,11.481517791748047
1706688551.077295,1233,11.46376895904541
1706688553.8686059,1245,11.493496894836426
1706688556.4866238,1256,11.40959644317627
1706688557.071242,1259,11.52326488494873
1706688557.7793133,1262,11.484391212463379
1706688561.469274,1282,11.439805030822754
1706688562.7862215,1288,11.527674674987793
1706688564.1964228,1295,11.44995403289795
1706688565.3769705,1301,11.525038719177246
1706688568.3727422,1317,11.516377449035645
1706688569.0735302,1320,11.443085670471191
1706688571.186622,1331,11.489319801330566
1706688571.739468,1334,11.49735164642334
1706688572.3390965,1337,11.489266395568848
1706688572.450884,1338,11.476869583129883
1706688582.069313,1386,11.471124649047852
1706688582.690118,1389,11.527950286865234
1706688583.4770145,1392,11.510246276855469
1706688583.5802796,1393,11.477601051330566
1706688587.63903,1415,11.520174026489258
1706688589.7744546,1427,11.46091365814209
1706688591.88532,1437,11.496902465820312
1706688592.680066,1441,11.444965362548828
1706688596.2809339,1466,11.499701499938965
1706688596.4820542,1467,11.489851951599121
1706688598.4689593,1478,11.460315704345703
1706688600.0806835,1486,11.454717636108398
1706688601.040091,1490,11.512248039245605
1706688601.5392597,1492,11.487845420837402
1706688607.8576462,1524,11.50558090209961
1706688608.5390568,1528,11.463727951049805
1706688612.5390022,1553,11.513206481933594
1706688615.067341,1569,11.458564758300781
1706688615.2766316,1570,11.553394317626953
1706688617.7392926,1585,11.476616859436035
1706688618.3556995,1589,11.509260177612305
1706688621.2800019,1605,11.528779983520508
1706688621.4391541,1606,11.451021194458008
1706688625.550703,1628,11.424687385559082
1706688626.439446,1633,11.559182167053223
1706688627.283891,1638,11.539058685302734
1706688628.0769007,1641,11.500158309936523
1706688628.9390929,1646,11.541189193725586
1706688629.4518168,1649,11.500837326049805
1706688631.4828656,1661,11.484810829162598
1706688633.184439,1669,11.483241081237793
1706688634.5754163,1676,11.478053092956543
1706688635.8739529,1683,11.517843246459961
1706688637.0864599,1692,11.516551971435547
1706688637.538993,1696,11.553399085998535
1706688637.7791803,1698,11.47038745880127
1706688638.0955834,1700,11.488118171691895
1706688638.7623317,1703,11.539407730102539
1706688640.0906465,1710,11.534099578857422
1706688642.185707,1719,11.546475410461426
1706688644.1808078,1729,11.483769416809082
1706688644.7741914,1733,11.532477378845215
1706688645.0538623,1735,11.578046798706055
1706688645.449096,1738,11.49091911315918
1706688646.6847022,1743,11.454017639160156
1706688647.2723868,1746,11.540329933166504
1706688647.4830155,1747,11.490739822387695
1706688651.87447,1767,11.520060539245605
1706688653.3390532,1776,11.516170501708984
1706688654.0775325,1782,11.550460815429688
1706688655.0505116,1789,11.516992568969727
1706688655.2018685,1790,11.502978324890137
1706688656.7392204,1799,11.471959114074707
1706688657.8011804,1806,11.512656211853027
1706688660.770178,1827,11.485977172851562
1706688661.5391033,1831,11.484236717224121
1706688663.475574,1841,11.520692825317383
1706688664.180349,1845,11.507234573364258
1706688666.0743675,1854,11.469396591186523
1706688669.2392144,1867,11.4655179977417
1706688669.984557,1870,11.436565399169922
1706688671.1931345,1876,11.526926040649414
1706688671.7740467,1878,11.541814804077148
1706688678.1880882,1912,11.529544830322266
1706688679.2519152,1918,11.483637809753418
1706688682.4558766,1935,11.523253440856934
1706688684.3501878,1945,11.493539810180664
1706688684.7394183,1948,11.58485221862793
1706688685.0695534,1950,11.475610733032227
1706688688.4724665,1968,11.484556198120117
1706688690.9808476,1982,11.458078384399414
1706688691.3720527,1984,11.488024711608887
1706688695.280538,2002,11.453210830688477
1706688696.0597703,2006,11.504859924316406
1706688697.680741,2014,11.505805015563965
1706688700.5837886,2031,11.46176815032959
1706688701.5894535,2037,11.534893989562988
1706688706.4839191,2061,11.519042015075684
1706688708.7686224,2074,11.485079765319824
1706688709.3748999,2077,11.484286308288574
1706688709.486726,2078,11.551919937133789
1706688709.7596955,2080,11.524090766906738
1706688710.2878528,2082,11.495830535888672
1706688711.071739,2086,11.536850929260254
1706688711.9798691,2090,11.54197883605957
1706688713.4521127,2097,11.564106941223145
1706688715.7391634,2112,11.503440856933594
1706688722.579264,2146,11.47857666015625
1706688723.2739902,2150,11.485878944396973
1706688724.3768523,2157,11.482856750488281
1706688726.4718761,2166,11.543156623840332
1706688728.6394486,2178,11.522425651550293
1706688730.042007,2188,11.510054588317871
1706688730.4656842,2190,11.500510215759277
1706688731.0529332,2192,11.480372428894043
1706688731.765899,2197,11.501710891723633
1706688732.0803988,2200,11.56586742401123
1706688733.764963,2208,11.496875762939453
1706688734.3848133,2212,11.490737915039062
1706688738.078985,2232,11.482623100280762
1706688738.873366,2237,11.532782554626465
1706688738.9859724,2238,11.531777381896973
1706688739.3699925,2240,11.472726821899414
1706688740.058438,2243,11.505513191223145
1706688740.78448,2247,11.524981498718262
1706688741.050417,2248,11.503450393676758
1706688742.4876058,2255,11.47783088684082
1706688743.1876764,2258,11.474411964416504
1706688744.3842819,2263,11.502718925476074
1706688747.6827574,2282,11.514902114868164
1706688748.98145,2292,11.48483657836914
1706688749.659248,2298,11.492087364196777
1706688750.5389967,2304,11.504143714904785
1706688750.9811792,2308,11.499478340148926
1706688752.5684278,2320,11.485557556152344
1706688752.879341,2321,11.459376335144043
1706688757.587466,2346,11.5589599609375
1706688759.0596905,2355,11.509312629699707
1706688765.5585623,2390,11.4957914352417
1706688765.6965463,2391,11.452995300292969
1706688766.039031,2393,11.484975814819336
1706688773.1737347,2437,11.476451873779297
1706688775.0866544,2445,11.533567428588867
1706688776.472142,2452,11.556475639343262
1706688776.8695066,2454,11.52198314666748
1706688777.2721224,2456,11.490994453430176
1706688778.2893107,2461,11.514819145202637
1706688782.8491032,2486,11.520450592041016
1706688783.0798545,2487,11.531331062316895
1706688785.274641,2497,11.514610290527344
1706688785.6740742,2499,11.517229080200195
1706688787.0721045,2504,11.511974334716797
1706688789.7558868,2518,11.515918731689453
1706688790.8580623,2524,11.519989013671875
1706688792.5419133,2533,11.530141830444336
1706688795.751638,2548,11.499737739562988
1706688796.5673158,2552,11.521599769592285
1706688796.9680243,2554,11.482585906982422
1706688801.2671144,2579,11.561715126037598
1706688804.0867462,2591,11.495437622070312
1706688805.6774614,2601,11.514570236206055
1706688806.6706727,2607,11.497689247131348
1706688809.3516762,2624,11.513795852661133
1706688809.939172,2630,11.529321670532227
1706688810.039219,2631,11.511505126953125
1706688812.488888,2645,11.575607299804688
1706688813.5866153,2651,11.612717628479004
1706688814.3702252,2656,11.495625495910645
1706688819.1872451,2679,11.49737548828125
1706688820.8502064,2686,11.485921859741211
1706688822.1790226,2691,11.481840133666992
1706688824.6822941,2704,11.462621688842773
1706688825.778807,2711,11.482023239135742
1706688828.5391495,2726,11.494750022888184
1706688830.9762175,2738,11.502058982849121
1706688832.1953328,2741,11.558150291442871
1706688836.6844347,2755,11.504385948181152
1706688845.9585009,2790,11.507271766662598
1706688846.1393523,2791,11.511260986328125
1706688846.3394742,2792,11.519244194030762
1706688850.0379777,2810,11.477450370788574
1706688854.048722,2825,11.517683029174805
1706688864.4674544,2873,11.554317474365234
1706688866.8724487,2882,11.534734725952148
1706688869.5759413,2891,11.508711814880371
1706688871.2456975,2897,11.54736042022705
1706688877.1673422,2918,11.483929634094238
1706688877.6970792,2920,11.437029838562012
1706688878.0189254,2921,11.540987968444824
1706688889.5400798,2968,11.455174446105957
1706688891.5223582,2976,11.598139762878418
1706688898.7728624,2999,11.5277681350708
1706688902.5392878,3008,11.555387496948242
1706688903.5603573,3012,11.506770133972168
1706688904.3390927,3016,11.594076156616211
1706688907.8188272,3028,11.52806282043457
1706688908.8062146,3031,11.557703018188477
1706688911.625628,3039,11.498224258422852
1706688912.789247,3042,11.496500968933105
1706688919.3033082,3066,11.506781578063965
1706688920.4456394,3070,11.504908561706543
1706688920.8573136,3072,11.540852546691895
1706688928.0394833,3100,11.515251159667969
1706688934.3599138,3123,11.484071731567383
1706688938.3411837,3138,11.599604606628418
1706688940.7719705,3146,11.597208976745605
1706688942.1681812,3151,11.472652435302734
1706688943.4593787,3156,11.493151664733887
1706688945.2444103,3162,11.466373443603516
1706688949.2392924,3178,11.584698677062988
1706688955.0772114,3196,11.503765106201172
1706688955.5708501,3197,11.460447311401367
1706688958.267819,3204,11.578010559082031
1706688959.0392423,3207,11.56515121459961
1706688966.8379483,3231,11.486804962158203
1706688967.3784199,3234,11.544296264648438
1706688969.5721958,3241,11.497920036315918
1706688970.1040223,3244,11.538727760314941
1706688970.573772,3245,11.524426460266113
1706688971.2915561,3247,11.483280181884766
1706688971.5726292,3248,11.542057037353516
1706688978.339219,3273,11.485280990600586
1706688981.0273442,3282,11.47086238861084
1706688987.3467357,3306,11.47740650177002
1706688989.254699,3314,11.48691177368164
1706688993.645779,3328,11.444331169128418
1706688993.9758942,3329,11.46140193939209
1706688997.7397475,3346,11.482516288757324
1706689004.9690359,3375,11.51695442199707
1706689005.552116,3377,11.536412239074707
1706689008.3976588,3387,11.476584434509277
1706689012.7918684,3404,11.436788558959961
1706689014.145911,3409,11.504630088806152
1706689022.3750298,3431,11.508586883544922
1706689024.2793586,3439,11.472916603088379
1706689027.2162156,3450,11.511210441589355
1706689027.8690326,3452,11.478596687316895
1706689029.1371584,3459,11.513566970825195
1706689031.0716727,3465,11.476737976074219
1706689032.9691317,3472,11.503524780273438
1706689034.2731533,3478,11.508711814880371
1706689035.3682415,3481,11.504596710205078
1706689039.2006676,3498,11.456425666809082
1706689044.2450325,3510,11.521897315979004
1706689045.6404207,3513,11.543156623840332
1706689047.2663906,3520,11.446433067321777
1706689052.5394118,3536,11.484394073486328
1706689052.9247377,3538,11.529595375061035
1706689054.6073494,3544,11.473687171936035
1706689055.5178723,3548,11.471575736999512
1706689059.7769542,3564,11.485189437866211
1706689064.2706387,3581,11.508251190185547
1706689069.3841543,3601,11.476494789123535
1706689074.4964523,3619,11.461936950683594
1706689075.1963391,3621,11.435166358947754
1706689075.7320476,3623,11.489175796508789
1706689076.4705076,3626,11.463349342346191
1706689077.0714228,3629,11.563261032104492
1706689083.239142,3646,11.49764633178711
1706689087.043148,3657,11.456955909729004
1706689091.0677416,3671,11.508697509765625
1706689099.142086,3701,11.511207580566406
1706689099.5393395,3703,11.525453567504883
1706689106.5236554,3727,11.557780265808105
1706689107.3374703,3731,11.501969337463379
1706689107.9077554,3733,11.554826736450195
1706689108.944863,3739,11.493709564208984
1706689109.7488658,3742,11.503116607666016
1706689110.5175092,3744,11.45174503326416
1706689112.6863265,3753,11.450695037841797
1706689114.8721898,3760,11.501922607421875
1706689118.7685618,3773,11.495430946350098
1706689120.8390872,3781,11.530147552490234
1706689124.5391586,3794,11.48186206817627
1706689124.9251533,3796,11.49524211883545
1706689126.0062237,3799,11.490187644958496
1706689129.8391623,3815,11.539153099060059
1706689131.0391748,3820,11.517813682556152
1706689131.8024573,3822,11.532572746276855
1706689134.853011,3832,11.537572860717773
1706689135.9555926,3836,11.556344032287598
1706689144.4691963,3865,11.50701904296875
1706689145.6587956,3870,11.545658111572266
1706689147.7391229,3877,11.508241653442383
1706689161.4873118,3921,11.504993438720703
1706689164.3748844,3929,11.499123573303223
1706689166.2666898,3936,11.479052543640137
1706689167.071602,3940,11.48380184173584
1706689169.6585326,3951,11.504162788391113
1706689171.0777044,3957,11.479326248168945
1706689172.8415887,3963,11.505797386169434
1706689177.7693474,3985,11.521265983581543
1706689180.7583113,3996,11.468435287475586
1706689182.0450933,4001,11.494093894958496
1706689184.1747973,4010,11.471266746520996
1706689184.5467486,4011,11.561751365661621
1706689188.4678493,4023,11.50751781463623
1706689191.4760969,4034,11.4691162109375
1706689192.1781423,4037,11.430167198181152
1706689195.035099,4047,11.475265502929688
1706689208.941212,4094,11.49872875213623
1706689210.0456083,4099,11.503169059753418
1706689210.3383176,4100,11.484148979187012
1706689214.0773182,4110,11.448915481567383
1706689236.3498728,4183,11.455414772033691
1706689239.3346024,4194,11.473976135253906
1706689239.5519314,4195,11.444724082946777
1706689239.9727342,4197,11.525657653808594
1706689240.439072,4199,11.458373069763184
1706689241.6390893,4202,11.455371856689453
1706689241.866923,4203,11.439412117004395
1706689248.0018818,4228,11.515575408935547
1706689248.9660132,4233,11.471256256103516
1706689249.739248,4236,11.526074409484863
1706689251.9586663,4244,11.546920776367188
1706689254.5681975,4255,11.586335182189941
1706689257.262535,4264,11.494882583618164
1706689257.867126,4267,11.517329216003418
1706689258.0654762,4268,11.4690523147583
1706689263.0672083,4283,11.472237586975098
1706689267.2703125,4299,11.48067855834961
1706689269.2419822,4305,11.475892066955566
1706689270.5034387,4309,11.462156295776367
1706689273.039189,4318,11.46130657196045
1706689273.344395,4320,11.561220169067383
1706689276.515096,4329,11.444077491760254
1706689277.7043555,4333,11.43774700164795
1706689281.0585752,4344,11.50522518157959
1706689288.0707676,4370,11.469527244567871
1706689290.0748618,4379,11.541271209716797
1706689295.2711258,4394,11.461126327514648
1706689297.0344982,4401,11.47137451171875
1706689298.5674825,4407,11.462899208068848
1706689299.3742006,4411,11.48297119140625
1706689299.7664225,4412,11.455341339111328
1706689305.6655984,4431,11.46841812133789
1706689306.4734466,4434,11.480194091796875
1706689315.8432443,4470,11.491331100463867
1706689317.5379171,4476,11.489363670349121
1706689321.339136,4491,11.466981887817383
1706689322.1808083,4493,11.449296951293945
1706689327.4691408,4510,11.47313117980957
1706689327.8684878,4511,11.483814239501953
1706689334.659915,4530,11.463403701782227
1706689334.8408046,4531,11.481110572814941
1706689335.8717136,4534,11.471896171569824
1706689339.2602258,4543,11.46812915802002
1706689342.865434,4554,11.460351943969727
1706689349.4197843,4579,11.447810173034668
1706689350.3989267,4582,11.45427131652832
1706689353.2382505,4593,11.482154846191406
1706689353.7405808,4596,11.527442932128906
1706689354.069235,4598,11.444666862487793
1706689354.3805633,4600,11.484593391418457
1706689357.370093,4612,11.53437614440918
1706689362.1689374,4629,11.502717971801758
1706689369.1532419,4650,11.459561347961426
1706689370.6687465,4657,11.463372230529785
1706689373.7386124,4665,11.48465347290039
1706689374.4731302,4669,11.463289260864258
1706689376.1582792,4676,11.432747840881348
1706689376.3389518,4677,11.52165412902832
1706689376.7340403,4678,11.431602478027344
1706689379.7406256,4688,11.479698181152344
1706689386.9580145,4714,11.468103408813477
1706689388.0393806,4719,11.514447212219238
1706689393.545203,4735,11.537266731262207
1706689397.2697425,4746,11.522415161132812
1706689398.3389568,4750,11.497042655944824
1706689398.5524366,4751,11.50973129272461
1706689400.5716753,4759,11.513486862182617
1706689403.479051,4765,11.489553451538086
1706689404.3457005,4768,11.518414497375488
1706689407.8382206,4777,11.50772762298584
1706689408.8792057,4781,11.515049934387207
1706689410.6026073,4788,11.478426933288574
1706689410.8686771,4789,11.514496803283691
1706689412.16589,4795,11.440132141113281
1706689413.830114,4801,11.55081558227539
1706689414.2464135,4803,11.493566513061523
1706689415.335718,4806,11.521505355834961
1706689426.0794144,4841,11.469032287597656
1706689429.664002,4853,11.47503662109375
1706689435.7648263,4872,11.525834083557129
1706689436.5689578,4874,11.467238426208496
1706689443.4664688,4895,11.485187530517578
1706689449.473096,4915,11.476946830749512
1706689456.3666499,4939,11.535995483398438
1706689457.3725972,4942,11.48118782043457
1706689461.7268074,4955,11.5171537399292
1706689465.0086095,4963,11.48550796508789
1706689468.3723154,4972,11.466947555541992
1706689469.037368,4975,11.434696197509766
1706689469.6701348,4977,11.514225006103516
1706689469.8385367,4978,11.424880981445312
1706689482.7662663,5022,11.530776023864746
1706689484.060815,5028,11.453276634216309
1706689484.7690125,5031,11.449562072753906
1706689486.8520555,5038,11.487799644470215
1706689489.9391236,5051,11.48684024810791
1706689490.5303245,5053,11.450026512145996
1706689490.806033,5054,11.471260070800781
1706689492.7039557,5061,11.484105110168457
1706689496.7756855,5079,11.496248245239258
1706689503.9026532,5102,11.471692085266113
1706689505.3011038,5107,11.47366714477539
1706689510.1888871,5127,11.480978965759277
1706689510.8401723,5129,11.473077774047852
1706689512.2402265,5135,11.461813926696777
1706689519.9760122,5161,11.516667366027832
1706689521.4380589,5166,11.55942440032959
1706689526.4348621,5183,11.416330337524414
1706689532.8687859,5201,11.480688095092773
1706689535.425673,5209,11.491240501403809
1706689542.5518217,5232,11.465779304504395
1706689543.8694654,5236,11.491750717163086
1706689545.2315073,5240,11.453186988830566
1706689545.865428,5241,11.459692001342773
1706689552.971352,5267,11.53895378112793
1706689558.8122554,5290,11.458332061767578
1706689566.4977252,5319,11.467348098754883
1706689569.7306917,5330,11.479267120361328
1706689574.5392566,5346,11.449481964111328
1706689578.8344424,5360,11.428304672241211
1706689579.373077,5361,11.434325218200684
1706689586.4388647,5381,11.455329895019531
1706689593.7460072,5405,11.449295997619629
1706689598.0704997,5421,11.438027381896973
1706689603.0392482,5440,11.522391319274902
1706689604.233387,5443,11.414544105529785
1706689605.2711165,5448,11.479816436767578
1706689616.0391593,5485,11.501847267150879
1706689617.7067146,5492,11.466224670410156
1706689618.770654,5496,11.490259170532227
1706689620.1403239,5502,11.53463363647461
1706689622.0779986,5508,11.574166297912598
1706689623.1390574,5513,11.437276840209961
1706689623.9206688,5516,11.453423500061035
1706689624.5588942,5518,11.447233200073242
1706689631.2405999,5542,11.45438003540039
1706689633.139228,5550,11.43583869934082
1706689637.224229,5567,11.488913536071777
1706689638.6871698,5572,11.448528289794922
1706689639.6269946,5574,11.478425979614258
1706689644.2679265,5586,11.392836570739746
1706689645.170384,5588,11.422774314880371
1706689647.2391734,5594,11.517205238342285
1706689650.1676135,5606,11.458276748657227
1706689652.0754166,5611,11.431449890136719
1706689655.430801,5621,11.4788818359375
1706689658.1453035,5631,11.463671684265137
1706689665.549532,5659,11.560542106628418
1706689666.1406295,5661,11.460699081420898
1706689667.0306447,5665,11.511727333068848
1706689670.3486266,5680,11.461915969848633
1706689683.3697817,5721,11.487112045288086
1706689684.1696215,5724,11.4556884765625
1706689689.4381819,5742,11.446609497070312
1706689694.232144,5760,11.454191207885742
1706689699.3248415,5777,11.47393798828125
1706689700.126116,5780,11.447208404541016
1706689702.132808,5785,11.44808292388916
1706689703.5512762,5790,11.511868476867676
1706689708.5390553,5808,11.478655815124512
1706689708.7887824,5809,11.465055465698242
1706689712.7491674,5826,11.435523986816406
1706689713.3390837,5829,11.432209968566895
1706689715.165582,5836,11.496614456176758
1706689723.7391338,5863,11.469868659973145
1706689724.5662062,5865,11.44824504852295
1706689726.3389864,5872,11.486396789550781
1706689730.9675677,5890,11.444075584411621
1706689732.965664,5899,11.521464347839355
1706689735.460696,5908,11.464031219482422
1706689737.572366,5918,11.522082328796387
1706689741.7664814,5929,11.49815845489502
1706689742.776894,5933,11.463356971740723
1706689743.067655,5934,11.477773666381836
1706689748.2389162,5953,11.507558822631836
1706689749.2699933,5958,11.492390632629395
1706689749.8401778,5960,11.517995834350586
1706689751.6418319,5964,11.559927940368652
1706689754.2235198,5973,11.454450607299805
1706689759.308447,5991,11.448603630065918
1706689765.3690324,6011,11.440521240234375
1706689766.6391857,6016,11.441944122314453
1706689768.8012097,6025,11.42864990234375
1706689770.7686787,6031,11.521173477172852
1706689771.2390616,6032,11.460333824157715
1706689772.0368783,6036,11.470002174377441
1706689772.7736688,6039,11.469819068908691
1706689779.3170025,6061,11.434748649597168
1706689784.7321675,6079,11.46958065032959
1706689786.2690086,6083,11.46268367767334
1706689787.4599688,6088,11.414922714233398
1706689791.452905,6104,11.520927429199219
1706689791.8532076,6106,11.415128707885742
1706689795.3390646,6116,11.42770767211914
1706689798.0377321,6122,11.463007926940918
1706689798.975124,6124,11.528993606567383
1706689800.0388997,6130,11.45653247833252
1706689800.8671386,6132,11.4493989944458
1706689801.6650934,6134,11.421897888183594
1706689805.3392658,6146,11.492035865783691
1706689805.7401738,6148,11.50583267211914
1706689806.3763635,6150,11.513632774353027
1706689812.9382455,6173,11.494712829589844
1706689815.7528665,6182,11.446004867553711
1706689816.6497228,6185,11.449910163879395
1706689820.83697,6201,11.456436157226562
1706689824.5651042,6212,11.418923377990723
1706689824.934391,6214,11.4445219039917
1706689826.648789,6220,11.478588104248047
1706689829.7531567,6233,11.48686408996582
1706689831.27902,6238,11.538333892822266
1706689833.3390772,6245,11.500295639038086
1706689834.7349107,6251,11.476825714111328
1706689837.545856,6264,11.47396469116211
1706689843.7876859,6290,11.47292709350586
1706689850.9399014,6313,11.4669771194458
1706689852.1936088,6317,11.484085083007812
1706689852.5351472,6318,11.468295097351074
1706689854.8553772,6325,11.510364532470703
1706689858.5460887,6342,11.490674018859863
1706689861.9702039,6353,11.47729206085205
1706689865.5715387,6364,11.425082206726074
1706689867.47347,6371,11.455397605895996
1706689868.833181,6377,11.43532943725586
1706689876.2257392,6401,11.494065284729004
1706689892.6482995,6456,11.451156616210938
1706689893.7385209,6460,11.510265350341797
1706689897.4736865,6473,11.462898254394531
1706689901.7389193,6488,11.456567764282227
1706689903.6460838,6496,11.507847785949707
1706689903.8580418,6497,11.446826934814453
1706689905.1401224,6501,11.484392166137695
1706689907.7692184,6511,11.430756568908691
1706689910.765978,6521,11.461141586303711
1706689911.1390672,6522,11.506842613220215
1706689911.2742708,6523,11.430801391601562
1706689913.4391766,6531,11.448062896728516
1706689918.2643125,6551,11.487338066101074
1706689925.139125,6575,11.401382446289062
1706689927.231017,6582,11.469110488891602
1706689928.3570685,6585,11.487500190734863
1706689931.5734193,6595,11.47898006439209
1706689934.7609508,6604,11.504135131835938
1706689935.6680343,6607,11.477320671081543
1706689938.3580468,6617,11.46189022064209
1706689940.0537844,6622,11.454757690429688
1706689950.3567963,6658,11.459366798400879
1706689953.365221,6667,11.456267356872559
1706689953.8774416,6669,11.474273681640625
1706689955.0486326,6673,11.469263076782227
1706689956.8690894,6679,11.467324256896973
1706689957.658961,6682,11.50461196899414
1706689959.040391,6689,11.458324432373047
1706689961.339045,6697,11.404914855957031
1706689962.1741788,6700,11.44710922241211
1706689964.301461,6708,11.497257232666016
1706689965.5411623,6712,11.492746353149414
1706689966.7385976,6716,11.520112991333008
1706689974.8386152,6739,11.440534591674805
1706689976.1522381,6743,11.472888946533203
1706689977.9412231,6750,11.441145896911621
1706689978.7594163,6754,11.43940258026123
1706689982.6716762,6765,11.422837257385254
1706689986.0674932,6777,11.51258373260498
1706689989.6341183,6793,11.442801475524902
1706689998.0498166,6818,11.445547103881836
1706690002.0665188,6833,11.475278854370117
1706690006.3739862,6847,11.503462791442871
1706690008.1676083,6855,11.503419876098633
1706690010.1391957,6863,11.537031173706055
1706690011.730119,6869,11.482095718383789
1706690012.0765736,6870,11.441027641296387
1706690019.438705,6896,11.47651195526123
1706690024.5250776,6910,11.49371337890625
1706690032.1545134,6935,11.5164794921875
1706690038.0620399,6952,11.555075645446777
1706690041.3391716,6964,11.43498420715332
1706690042.2576315,6967,11.467830657958984
1706690043.9722698,6973,11.503365516662598
1706690048.5681858,6991,11.510815620422363
1706690049.1395252,6993,11.464275360107422
1706690054.7381816,7011,11.46643352508545
1706690055.6333568,7015,11.44200611114502
1706690061.2493765,7036,11.436697959899902
1706690062.1412935,7040,11.456766128540039
1706690064.5251586,7047,11.502070426940918
1706690067.853337,7060,11.422426223754883
1706690069.3788168,7066,11.436233520507812
1706690073.7026987,7080,11.384113311767578
1706690076.7405744,7092,11.51179027557373
1706690081.0444937,7107,11.482309341430664
1706690083.2673664,7115,11.472516059875488
1706690083.5237474,7116,11.445659637451172
1706690089.0401978,7138,11.46757698059082
1706690090.124511,7142,11.482311248779297
1706690093.868306,7156,11.455717086791992
1706690097.773419,7168,11.480149269104004
1706690098.169149,7169,11.512984275817871
1706690100.066195,7176,11.479355812072754
1706690104.4730082,7190,11.507180213928223
1706690105.737696,7196,11.460221290588379
1706690107.6401577,7203,11.433902740478516
1706690108.2415035,7205,11.458723068237305
1706690111.0710673,7214,11.500271797180176
1706690111.6693587,7216,11.495261192321777
1706690111.939157,7217,11.47995376586914
1706690117.6600895,7236,11.41213321685791
1706690118.2429016,7239,11.471577644348145
1706690120.6675997,7248,11.4580078125
1706690125.2674236,7261,11.530951499938965
1706690132.5525637,7285,11.496795654296875
1706690137.1985435,7301,11.460090637207031
1706690139.7799182,7312,11.47140884399414
1706690145.0683105,7330,11.490840911865234
1706690147.6650317,7340,11.4507474899292
1706690148.1727839,7341,11.491801261901855
1706690149.771927,7347,11.433331489562988
1706690152.6103513,7354,11.483160018920898
1706690153.8450248,7358,11.437113761901855
1706690154.0406299,7359,11.41036319732666
1706690154.3531258,7360,11.425798416137695
1706690161.6533737,7382,11.456436157226562
1706690161.8665116,7383,11.437416076660156
1706690163.0312688,7387,11.439531326293945
1706690163.3684113,7389,11.457480430603027
1706690165.347178,7398,11.449080467224121
1706690166.8651512,7402,11.46419620513916
1706690176.1675396,7431,11.443229675292969
1706690176.5713627,7432,11.442206382751465
1706690179.7626247,7441,11.483352661132812
1706690180.3704164,7444,11.486214637756348
1706690182.3393114,7451,11.41280746459961
1706690184.863987,7461,11.471887588500977
1706690185.0337381,7462,11.548068046569824
1706690185.4372742,7464,11.42218017578125
1706690186.5397038,7469,11.496560096740723
1706690187.7345848,7475,11.421138763427734
1706690188.7405233,7479,11.439455032348633
1706690189.4849052,7481,11.407772064208984
1706690193.4401941,7497,11.437273979187012
1706690195.1700609,7503,11.421910285949707
1706690195.569542,7504,11.434789657592773
1706690197.739519,7512,11.468255043029785
1706690203.8263347,7531,11.456175804138184
1706690208.0002122,7548,11.441914558410645
1706690215.0559807,7574,11.395970344543457
1706690221.4662588,7597,11.420116424560547
1706690226.0250044,7610,11.47866153717041
1706690226.6579242,7613,11.504528999328613
1706690235.7671492,7644,11.46639347076416
1706690236.3683698,7645,11.43528938293457
1706690241.26868,7661,11.41409969329834
1706690241.5661302,7662,11.450364112854004
1706690244.4660044,7672,11.453042984008789
1706690245.666857,7675,11.4275484085083
1706690245.9824378,7677,11.488105773925781
1706690249.067462,7688,11.476720809936523
1706690250.4439478,7694,11.469162940979004
1706690251.3392203,7697,11.4479341506958
1706690253.1794894,7701,11.46525764465332
1706690257.6414948,7719,11.494192123413086
1706690257.8664532,7720,11.46164608001709
1706690259.165871,7724,11.411694526672363
1706690259.7344685,7727,11.503211975097656
1706690260.101779,7729,11.424819946289062
1706690264.877702,7743,11.480180740356445
1706690266.073904,7747,11.466232299804688
1706690268.3405569,7758,11.459555625915527
1706690269.2316365,7761,11.440495491027832
1706690275.5390773,7781,11.408479690551758
1706690277.354995,7789,11.446022987365723
1706690279.3129122,7799,11.48727035522461
1706690279.647251,7800,11.440865516662598
1706690283.2083316,7811,11.490179061889648
1706690289.6664195,7834,11.458505630493164
1706690290.6598644,7839,11.414283752441406
1706690294.7711623,7856,11.414036750793457
1706690307.2344418,7900,11.4695405960083
1706690307.6667845,7901,11.459228515625
1706690308.6386433,7905,11.460721969604492
1706690309.4642136,7909,11.509876251220703
1706690314.374274,7927,11.43724536895752
1706690315.843867,7933,11.458045959472656
1706690327.2378964,7976,11.469231605529785
1706690329.3692045,7984,11.46448802947998
1706690331.668708,7992,11.439867973327637
1706690331.8384569,7993,11.513985633850098
1706690335.9266334,8010,11.44933795928955
1706690339.3921041,8023,11.425371170043945
1706690340.6195014,8027,11.510015487670898
1706690343.5448525,8038,11.424301147460938
1706690347.2440681,8050,11.441155433654785
1706690348.054168,8053,11.484016418457031
1706690348.4690788,8055,11.448826789855957
1706690349.3837752,8059,11.480595588684082
1706690352.3305624,8067,11.462137222290039
1706690370.8334649,8127,11.459131240844727
1706690372.6691732,8133,11.411234855651855
1706690372.867824,8134,11.46672534942627
1706690377.4692543,8151,11.41515064239502
1706690378.7691088,8158,11.424092292785645
1706690385.3372016,8181,11.526893615722656
1706690386.1391494,8185,11.413918495178223
1706690388.540226,8196,11.456700325012207
1706690389.103693,8199,11.449468612670898
1706690394.9660053,8216,11.492537498474121
1706690396.9721103,8222,11.437884330749512
1706690399.56889,8235,11.48862361907959
1706690404.386742,8255,11.501871109008789
1706690406.875185,8264,11.448451042175293
1706690411.2391658,8280,11.40851879119873
1706690411.9260945,8282,11.437287330627441
1706690415.4546754,8291,11.46546745300293
1706690418.0436862,8300,11.43635082244873
1706690419.948743,8308,11.450860977172852
1706690425.9334846,8328,11.49211311340332
1706690426.4505124,8330,11.481258392333984
1706690427.0471232,8333,11.407471656799316
1706690427.8253987,8335,11.44960880279541
1706690429.6364005,8341,11.422606468200684
1706690432.9697993,8353,11.43790340423584
1706690433.3396916,8354,11.50045394897461
1706690434.9677954,8361,11.499116897583008
1706690435.7960708,8364,11.451680183410645
1706690437.2694938,8369,11.430390357971191
1706690439.0270243,8376,11.43238353729248
1706690439.357664,8378,11.455223083496094
1706690454.0391562,8429,11.441595077514648
1706690456.6032043,8440,11.462621688842773
1706690457.5757918,8443,11.520477294921875
1706690458.5725582,8448,11.483668327331543
1706690463.2995298,8464,11.492121696472168
1706690464.2000153,8468,11.496402740478516
1706690464.3784673,8469,11.42857837677002
1706690464.706431,8471,11.453314781188965
1706690467.4660375,8481,11.452990531921387
1706690468.3670442,8485,11.423100471496582
1706690469.3001108,8489,11.414477348327637
1706690471.8676174,8498,11.429424285888672
1706690472.167584,8499,11.426419258117676
1706690474.0691319,8504,11.40229320526123
1706690475.273575,8508,11.431783676147461
1706690475.6602187,8509,11.45371150970459
1706690479.9362874,8524,11.46113395690918
1706690487.5568259,8555,11.460479736328125
1706690490.6284125,8567,11.442113876342773
1706690492.7408605,8574,11.430310249328613
1706690494.0928147,8579,11.462934494018555
1706690498.1279857,8593,11.422415733337402
1706690500.8392725,8602,11.431288719177246
1706690505.0455577,8617,11.503951072692871
1706690508.1410298,8628,11.436088562011719
1706690509.8657148,8635,11.430353164672852
1706690509.9999018,8636,11.49132251739502
1706690512.8554857,8645,11.428689956665039
1706690523.3678622,8683,11.409790992736816
1706690523.961281,8686,11.416609764099121
1706690524.3072135,8688,11.421196937561035
1706690525.1644454,8691,11.406414031982422
1706690525.306993,8692,11.4408597946167
1706690526.0994625,8696,11.550070762634277
1706690534.7755773,8728,11.467347145080566
1706690538.237194,8742,11.446263313293457
1706690547.137398,8769,11.411612510681152
1706690548.6384408,8775,11.546733856201172
1706690550.1410522,8779,11.46161937713623
1706690556.8942957,8797,11.414898872375488
1706690558.445022,8802,11.43655776977539
1706690561.925816,8817,11.449626922607422
1706690562.5499744,8820,11.503227233886719
1706690563.7590923,8823,11.485076904296875
1706690568.2537892,8844,11.420636177062988
1706690571.9588275,8855,11.433062553405762
1706690575.4337974,8868,11.481755256652832
1706690575.6718216,8869,11.462343215942383
1706690578.3596551,8879,11.46802043914795
1706690579.3467376,8882,11.43527603149414
1706690580.6684191,8886,11.449810028076172
1706690585.2713149,8903,11.442329406738281
1706690585.6395087,8905,11.50679874420166
1706690586.339389,8908,11.49455451965332
1706690592.0934985,8929,11.478400230407715
1706690592.643927,8931,11.42867660522461
1706690593.9680226,8936,11.464634895324707
1706690596.8392134,8947,11.502096176147461
1706690599.1672635,8955,11.412981033325195
1706690600.7351403,8959,11.449687957763672
1706690605.5408027,8976,11.454207420349121
1706690607.4704797,8982,11.481114387512207
1706690609.6666818,8992,11.43777084350586
1706690610.666517,8994,11.442445755004883
1706690612.4320648,9000,11.42231273651123
1706690613.7391603,9005,11.456257820129395
1706690614.7588239,9010,11.423871994018555
1706690615.738685,9013,11.4415283203125
1706690619.3391075,9028,11.467705726623535
1706690619.8369126,9029,11.448921203613281
1706690627.851866,9056,11.480030059814453
1706690630.033795,9064,11.45773696899414
1706690633.0505986,9074,11.443044662475586
1706690636.4350543,9085,11.455169677734375
1706690641.8655794,9106,11.440845489501953
1706690646.6393359,9123,11.485933303833008
1706690646.8474638,9124,11.474590301513672
1706690655.4381518,9156,11.457414627075195
1706690655.6152205,9157,11.46989631652832
1706690657.1411057,9163,11.391688346862793
1706690672.5392208,9215,11.484957695007324
1706690673.3581994,9217,11.485172271728516
1706690675.1034193,9224,11.464875221252441
1706690676.1583545,9227,11.55650806427002
1706690677.7949936,9234,11.45337200164795
1706690685.132038,9261,11.474814414978027
1706690690.5391,9282,11.453587532043457
1706690693.2391388,9292,11.471309661865234
1706690697.327421,9308,11.494672775268555
1706690698.070984,9310,11.434718132019043
1706690698.375969,9312,11.453178405761719
1706690699.649799,9317,11.459746360778809
1706690709.954429,9349,11.469576835632324
1706690711.2192705,9354,11.418686866760254
1706690714.6435726,9365,11.422998428344727
1706690714.8365693,9366,11.443649291992188
1706690715.2678492,9367,11.435808181762695
1706690715.966784,9370,11.528524398803711
1706690720.3431945,9386,11.423304557800293
1706690727.3714764,9413,11.49635124206543
1706690727.8912544,9416,11.446175575256348
1706690733.5756538,9436,11.430679321289062
1706690735.039905,9442,11.487944602966309
1706690735.40496,9443,11.455588340759277
1706690742.3786597,9469,11.432900428771973
1706690743.968787,9476,11.397583961486816
1706690745.8411608,9483,11.4290189743042
1706690754.57298,9516,11.490300178527832
1706690755.4464953,9519,11.426132202148438
1706690761.4391413,9538,11.441628456115723
1706690761.639044,9539,11.472494125366211
1706690764.2850144,9548,11.44359302520752
1706690766.1250217,9555,11.409528732299805
1706690766.8260908,9558,11.471699714660645
1706690768.593166,9565,11.415356636047363
1706690769.528836,9568,11.428035736083984
1706690774.7421088,9587,11.422298431396484
1706690775.6574101,9590,11.504919052124023
1706690778.6266966,9601,11.424729347229004
1706690781.0550506,9612,11.421786308288574
1706690784.56526,9622,11.438977241516113
1706690785.0381827,9624,11.461207389831543
1706690785.2649708,9625,11.483161926269531
1706690785.8676496,9628,11.460453987121582
1706690793.6607049,9652,11.417669296264648
1706690795.590232,9657,11.40709400177002
1706690796.0467956,9658,11.448161125183105
1706690797.4391825,9662,11.4197416305542
1706690802.7378805,9681,11.460976600646973
1706690803.048764,9682,11.43980884552002
1706690805.346811,9691,11.484034538269043
1706690807.0971484,9699,11.41277027130127
1706690810.5396385,9711,11.421792030334473
1706690821.0770004,9748,11.473878860473633
1706690821.8536932,9751,11.452653884887695
1706690824.141324,9760,11.429976463317871
1706690824.7469275,9761,11.442863464355469
1706690826.1715999,9767,11.397313117980957
1706690826.9755032,9769,11.413054466247559
1706690829.665372,9778,11.463525772094727
1706690838.557672,9813,11.409773826599121
1706690839.8707983,9818,11.407846450805664
1706690847.1897626,9841,11.435486793518066
1706690847.7525053,9844,11.437320709228516
1706690848.4265542,9847,11.472420692443848
1706690850.6391761,9856,11.424915313720703
1706690859.9948318,9884,11.420205116271973
1706690867.1720886,9908,11.435958862304688
1706690869.7390592,9918,11.429102897644043
1706690886.4738266,9973,11.492923736572266
1706690887.865503,9979,11.52370834350586
1706690889.0490327,9983,11.4054536819458
1706690889.6407096,9986,11.550979614257812
1706690892.858648,9997,11.436868667602539
1706690893.5382736,10000,11.459924697875977
