Step,gamma,loss(train),loss(validate)
20,0.0013206778094172478,0.9626091718673706,1.0001602172851562
40,0.008511609397828579,0.7517848610877991,0.8259562253952026
60,0.015997257083654404,0.6000086665153503,0.6452779173851013
80,0.02133193612098694,0.5003701448440552,0.5136629343032837
100,0.026780106127262115,0.44142287969589233,0.43068093061447144
120,0.03286300599575043,0.3826136589050293,0.38370588421821594
140,0.03957837447524071,0.35313329100608826,0.3520299196243286
160,0.04741077497601509,0.3259047865867615,0.3402453064918518
180,0.0551358237862587,0.2901175022125244,0.33581092953681946
200,0.06231106072664261,0.2790900766849518,0.3350701332092285
220,0.0693129152059555,0.26097553968429565,0.33013761043548584
240,0.07584737986326218,0.24467627704143524,0.3247491419315338
260,0.08201459795236588,0.4103534519672394,0.31515663862228394
280,0.09189729392528534,0.2590658664703369,0.28070148825645447
300,0.10087738931179047,0.2264241874217987,0.3130737543106079
320,0.10714669525623322,0.21196554601192474,0.3154032528400421
340,0.11239304393529892,0.20885370671749115,0.304125040769577
360,0.11727862060070038,0.19622789323329926,0.3072890341281891
380,0.1217997744679451,0.1918863207101822,0.2870464026927948
400,0.12585487961769104,0.18357498943805695,0.2678280472755432
420,0.130525141954422,0.1861708164215088,0.2601972818374634
440,0.13527517020702362,0.18070441484451294,0.24442188441753387
460,0.139805406332016,0.16706980764865875,0.2470390498638153
480,0.1437462419271469,0.16581542789936066,0.21396102011203766
500,0.1480075865983963,0.16284872591495514,0.21943174302577972
520,0.15153823792934418,0.15664564073085785,0.1959642469882965
540,0.15484857559204102,0.2757399380207062,0.18628083169460297
560,0.1624230444431305,0.17077533900737762,0.17994800209999084
580,0.16805939376354218,0.1555749624967575,0.19291053712368011
600,0.1717519760131836,0.15140195190906525,0.16670255362987518
620,0.17458362877368927,0.14650650322437286,0.15497152507305145
640,0.17738653719425201,0.15295672416687012,0.1609468162059784
660,0.18026067316532135,0.1475331038236618,0.15400324761867523
680,0.1831800788640976,0.1454259157180786,0.14522738754749298
700,0.186020627617836,0.14241382479667664,0.14714229106903076
720,0.18869422376155853,0.1424415409564972,0.1401890516281128
740,0.1915099322795868,0.14043238759040833,0.14265425503253937
760,0.19379858672618866,0.1344243586063385,0.13940565288066864
780,0.19614531099796295,0.14474408328533173,0.1537887305021286
800,0.19964417815208435,0.13936276733875275,0.14675284922122955
820,0.20256349444389343,0.13167324662208557,0.13462424278259277
840,0.20451799035072327,0.1368599683046341,0.13841386139392853
860,0.20666466653347015,0.13320700824260712,0.13459084928035736
880,0.2089729905128479,0.1315738409757614,0.1332458257675171
900,0.2111813724040985,0.13473720848560333,0.14216390252113342
920,0.2136652171611786,0.13495035469532013,0.1301499903202057
940,0.2158203423023224,0.12732331454753876,0.12454569339752197
960,0.21730902791023254,0.12835852801799774,0.13218817114830017
980,0.21899323165416718,0.131208598613739,0.12613645195960999
1000,0.22078195214271545,0.1251288503408432,0.12775906920433044
1020,0.22248493134975433,0.13079781830310822,0.12331937998533249
1040,0.22435788810253143,0.12131353467702866,0.12349395453929901
1060,0.22602485120296478,0.12770769000053406,0.12716460227966309
1080,0.22762063145637512,0.12033215910196304,0.12657997012138367
1100,0.2293907254934311,0.11913248151540756,0.12374870479106903
1120,0.230786994099617,0.1194818764925003,0.12387862801551819
1140,0.23232600092887878,0.12183849513530731,0.12689246237277985
1160,0.23375357687473297,0.11737510561943054,0.12575040757656097
1180,0.23515087366104126,0.11769458651542664,0.11805105209350586
1200,0.23645389080047607,0.11695847660303116,0.11611945182085037
1220,0.2377641797065735,0.11626587808132172,0.11612062901258469
1240,0.2389563024044037,0.11865025758743286,0.11611279845237732
1260,0.24050398170948029,0.11945965886116028,0.12974657118320465
1280,0.24219869077205658,0.11116539686918259,0.11435054987668991
1300,0.24333694577217102,0.11199237406253815,0.11255750805139542
1320,0.2442818284034729,0.11359746009111404,0.11813537031412125
1340,0.24550719559192657,0.11808468401432037,0.11165644228458405
1360,0.24691586196422577,0.11765993386507034,0.11335054785013199
1380,0.2482287436723709,0.10863472521305084,0.11093539744615555
1400,0.248915895819664,0.11398749053478241,0.11182652413845062
1420,0.24980628490447998,0.11007732152938843,0.11486288905143738
1440,0.2507320046424866,0.11396922916173935,0.10903602093458176
1460,0.2513877749443054,0.10925993323326111,0.11674869060516357
1480,0.2524488568305969,0.11265324056148529,0.11604470014572144
1500,0.2532551884651184,0.1076686680316925,0.10820221155881882
1520,0.2538032829761505,0.10834496468305588,0.1145177111029625
1540,0.25505271553993225,0.12189296633005142,0.12160847336053848
1560,0.25666168332099915,0.10684111714363098,0.10876217484474182
1580,0.25754299759864807,0.10745184868574142,0.10854354500770569
1600,0.25840070843696594,0.10836998373270035,0.11666341125965118
1620,0.25927793979644775,0.10804660618305206,0.10612140595912933
1640,0.2601363956928253,0.1071876734495163,0.11294692754745483
1660,0.26084524393081665,0.10350456833839417,0.10653278976678848
1680,0.26180383563041687,0.10659540444612503,0.10609329491853714
1700,0.2626829743385315,0.10479316860437393,0.10540080815553665
1720,0.263465940952301,0.1054028794169426,0.1023683249950409
1740,0.264234334230423,0.1044887900352478,0.10970413684844971
1760,0.26546797156333923,0.10683557391166687,0.10373485833406448
1780,0.26622331142425537,0.10831239074468613,0.10231287032365799
1800,0.26688361167907715,0.10228762030601501,0.10548659414052963
1820,0.267284631729126,0.10174783319234848,0.10121999680995941
1840,0.26775312423706055,0.10387997329235077,0.10101153701543808
1860,0.26841720938682556,0.10434740036725998,0.11726929247379303
1880,0.26956701278686523,0.10206479579210281,0.12350596487522125
1900,0.2703544795513153,0.10367412865161896,0.11667457222938538
1920,0.27115878462791443,0.10273925960063934,0.1026352196931839
1940,0.2714460492134094,0.09936685115098953,0.10063298791646957
1960,0.272103875875473,0.10715475678443909,0.10719174891710281
1980,0.2726479172706604,0.10204649716615677,0.10295650362968445
2000,0.2731036841869354,0.10065865516662598,0.09819865226745605
2020,0.2735673785209656,0.09700893610715866,0.10081494599580765
2040,0.2740006744861603,0.09792880713939667,0.09795720875263214
2060,0.27454888820648193,0.10188829153776169,0.10675189644098282
2080,0.2751085162162781,0.09748497605323792,0.10314397513866425
2100,0.2757601737976074,0.105617955327034,0.1095903217792511
2120,0.27713605761528015,0.0975530594587326,0.10379134118556976
2140,0.27778828144073486,0.0994129404425621,0.09984314441680908
2160,0.2778340280056,0.09921813011169434,0.10033582895994186
2180,0.27817225456237793,0.09751155972480774,0.09761235117912292
2200,0.2785125970840454,0.09538967162370682,0.10004975646734238
2220,0.27880412340164185,0.09649457037448883,0.09782376885414124
2240,0.2790275812149048,0.09458266198635101,0.09763865172863007
2260,0.2791695296764374,0.09560960531234741,0.10096372663974762
2280,0.27966564893722534,0.10180489718914032,0.09787255525588989
2300,0.2804384231567383,0.09776737540960312,0.10220952332019806
2320,0.2811586856842041,0.10040643066167831,0.09600357711315155
2340,0.28140321373939514,0.09392565488815308,0.09825644642114639
2360,0.281633585691452,0.09558546543121338,0.09321699291467667
2380,0.2818708121776581,0.09673653542995453,0.09616120904684067
2400,0.2820510268211365,0.09232784062623978,0.0931914746761322
2420,0.2820582091808319,0.09329860657453537,0.09459208697080612
2440,0.28242653608322144,0.0949741080403328,0.09480851888656616
2460,0.28280991315841675,0.09650568664073944,0.09309378266334534
2480,0.28329190611839294,0.09479891508817673,0.09368100762367249
2500,0.28351151943206787,0.09325224906206131,0.09374269098043442
2520,0.28387802839279175,0.0966343879699707,0.09512113779783249
2540,0.2841545343399048,0.09504314512014389,0.09649822115898132
2560,0.284466028213501,0.09879262745380402,0.09427592158317566
2580,0.2848818004131317,0.09218700230121613,0.0966416671872139
2600,0.2852095365524292,0.09332341700792313,0.09561161696910858
2620,0.28546303510665894,0.09446284174919128,0.09259257465600967
2640,0.2857707738876343,0.09232623875141144,0.09414151310920715
2660,0.28589385747909546,0.09137874841690063,0.09398335218429565
2680,0.2862929105758667,0.09158263355493546,0.0909956693649292
2700,0.28622815012931824,0.09413576126098633,0.09369255602359772
2720,0.28646841645240784,0.0918152779340744,0.09149505198001862
2740,0.2866763770580292,0.09400539100170135,0.09032192826271057
2760,0.28678277134895325,0.0906076729297638,0.09586477279663086
2780,0.28697749972343445,0.0913759246468544,0.09063581377267838
2800,0.2871755063533783,0.08844854682683945,0.09135641157627106
2820,0.28763502836227417,0.09587617218494415,0.09640263020992279
2840,0.2879251539707184,0.08986252546310425,0.09126271307468414
2860,0.2880140244960785,0.09939216822385788,0.10065574198961258
2880,0.288659930229187,0.09016215801239014,0.09186588227748871
2900,0.2888142764568329,0.09135934710502625,0.09334909170866013
2920,0.2890080213546753,0.09091795980930328,0.0923537090420723
2940,0.2891297936439514,0.09357419610023499,0.09296403080224991
2960,0.28945818543434143,0.08852148056030273,0.08862640708684921
2980,0.2895887792110443,0.09188921749591827,0.09250885248184204
3000,0.289537638425827,0.08761473745107651,0.09039956331253052
3020,0.28947609663009644,0.08749808371067047,0.08913902938365936
3040,0.2894553542137146,0.0911456048488617,0.08972743153572083
3060,0.28964337706565857,0.08979085087776184,0.08993974328041077
3080,0.2899458110332489,0.0911848247051239,0.08752802759408951
3100,0.2898949086666107,0.0865415409207344,0.09510336816310883
3120,0.28978511691093445,0.0895647406578064,0.08859910815954208
3140,0.2897683084011078,0.08864492177963257,0.08667334914207458
3160,0.28998997807502747,0.08743073046207428,0.08959876000881195
3180,0.29000741243362427,0.08429163694381714,0.09032882750034332
3200,0.2898595631122589,0.08882194757461548,0.08682182431221008
3220,0.28993281722068787,0.08770088106393814,0.0868297666311264
3240,0.28995823860168457,0.0909130871295929,0.08634234219789505
3260,0.2901388704776764,0.08759404718875885,0.08744175732135773
3280,0.29016634821891785,0.09038475155830383,0.09011760354042053
3300,0.29028862714767456,0.08547388017177582,0.09791199117898941
3320,0.29036620259284973,0.0863175243139267,0.08730447292327881
3340,0.29023465514183044,0.08786625415086746,0.08551493287086487
3360,0.2903282344341278,0.09293509274721146,0.08896033465862274
3380,0.2904859185218811,0.08624071627855301,0.08868478238582611
3400,0.29070162773132324,0.08757811039686203,0.09142091125249863
3420,0.29058733582496643,0.08606268465518951,0.09021274745464325
3440,0.29062631726264954,0.08830984681844711,0.08959846943616867
3460,0.2908990681171417,0.0856555625796318,0.08881666511297226
3480,0.29085683822631836,0.08555035293102264,0.08675782382488251
3500,0.29100072383880615,0.08495884388685226,0.08697096258401871
3520,0.2912575304508209,0.08632376790046692,0.08848664164543152
3540,0.2912984788417816,0.08545354008674622,0.08594103157520294
3560,0.29125118255615234,0.08579980581998825,0.092062808573246
3580,0.2915555238723755,0.08968997746706009,0.09574189782142639
3600,0.2918366491794586,0.08997941017150879,0.0862426608800888
3620,0.29231151938438416,0.08629526197910309,0.09829737991094589
3640,0.29271170496940613,0.08811578899621964,0.0886257141828537
3660,0.29260024428367615,0.09334151446819305,0.08448343724012375
3680,0.29254505038261414,0.08743972331285477,0.08906202018260956
3700,0.29263588786125183,0.08355838060379028,0.09054075926542282
3720,0.29292312264442444,0.08178456872701645,0.0863809660077095
3740,0.2928919792175293,0.08536659926176071,0.08870696276426315
3760,0.29282450675964355,0.08470606058835983,0.08479022979736328
3780,0.2927702069282532,0.08378477394580841,0.08543849736452103
3800,0.29255804419517517,0.08300040662288666,0.0857856348156929
3820,0.29252147674560547,0.08253024518489838,0.08691154420375824
3840,0.29214242100715637,0.08263242989778519,0.08296287059783936
3860,0.2920456826686859,0.08389397710561752,0.08509135246276855
3880,0.29208147525787354,0.08209814876317978,0.08749745041131973
3900,0.29215171933174133,0.08693122118711472,0.08995044231414795
3920,0.292262464761734,0.08352379500865936,0.08459655195474625
3940,0.29208168387413025,0.08360408246517181,0.08667893707752228
3960,0.2920609414577484,0.08525125682353973,0.09434592723846436
3980,0.29224690794944763,0.08173524588346481,0.08335936814546585
4000,0.29255256056785583,0.08430397510528564,0.08620861172676086
4020,0.2923409044742584,0.0810113474726677,0.08653412759304047
4040,0.29232874512672424,0.08399537950754166,0.0859391912817955
4060,0.2923160493373871,0.0810893252491951,0.084074005484581
4080,0.29216450452804565,0.08166339993476868,0.08520510792732239
4100,0.2920894920825958,0.08280092477798462,0.08588092029094696
4120,0.29173851013183594,0.0866541638970375,0.08061525970697403
4140,0.29163676500320435,0.08466777205467224,0.08415142446756363
4160,0.29203107953071594,0.08359439671039581,0.08486955612897873
4180,0.291909784078598,0.08178714662790298,0.08606860041618347
4200,0.29181185364723206,0.08163359761238098,0.08807847648859024
4220,0.2916038930416107,0.08079509437084198,0.082468681037426
4240,0.29183632135391235,0.08694569766521454,0.08448676764965057
4260,0.2918422520160675,0.08634131401777267,0.08467832207679749
4280,0.2916816771030426,0.08088243752717972,0.08371880650520325
4300,0.2918936014175415,0.08173588663339615,0.08723553270101547
4320,0.29211705923080444,0.08000708371400833,0.08270691335201263
4340,0.2920861542224884,0.0819631814956665,0.08196194469928741
4360,0.29206886887550354,0.08125980198383331,0.08185148239135742
4380,0.29190772771835327,0.08046568930149078,0.08051832765340805
4400,0.2916196286678314,0.08360175043344498,0.08483004570007324
4420,0.29174670577049255,0.08068445324897766,0.07943704724311829
4440,0.2915869653224945,0.08091159164905548,0.0832403153181076
4460,0.29130756855010986,0.07802446186542511,0.08192471414804459
4480,0.2912343442440033,0.0820271372795105,0.0818033441901207
4500,0.29119008779525757,0.0793614387512207,0.0840538740158081
4520,0.2911266088485718,0.08062630146741867,0.0828639566898346
4540,0.29119688272476196,0.08120690286159515,0.08203409612178802
4560,0.291176438331604,0.0811995267868042,0.08290798962116241
4580,0.2913084626197815,0.08029637485742569,0.080621637403965
4600,0.2912142276763916,0.08052872866392136,0.08688008040189743
4620,0.29134446382522583,0.08096595108509064,0.081422820687294
4640,0.2913748621940613,0.08202728629112244,0.08362285792827606
4660,0.29137247800827026,0.07993867993354797,0.07950355857610703
4680,0.2910424768924713,0.07860735058784485,0.0811244398355484
4700,0.2910846173763275,0.07978786528110504,0.0808851420879364
4720,0.2908247411251068,0.08003238588571548,0.08164447546005249
4740,0.29069554805755615,0.07863283157348633,0.0790511816740036
4760,0.2905515432357788,0.0793357715010643,0.08051620423793793
4780,0.2901897430419922,0.07867005467414856,0.07878812402486801
4800,0.2901695668697357,0.08073356002569199,0.08131641149520874
4820,0.2900804877281189,0.08233923465013504,0.07859955728054047
4840,0.2899619936943054,0.07837484776973724,0.07923351973295212
4860,0.2898283004760742,0.07744111865758896,0.083345428109169
4880,0.2897443175315857,0.07740072906017303,0.08435903489589691
4900,0.28970393538475037,0.07872483879327774,0.07856094837188721
4920,0.28982535004615784,0.07887300848960876,0.08510646224021912
4940,0.28967124223709106,0.08083567023277283,0.0785926878452301
4960,0.28955936431884766,0.07626114040613174,0.07960191369056702
4980,0.2895672023296356,0.07652495801448822,0.07892220467329025
5000,0.28939178586006165,0.07969942688941956,0.0783810093998909
5020,0.2891719341278076,0.08031830191612244,0.08336570113897324
5040,0.2891584038734436,0.07923025637865067,0.07963446527719498
5060,0.28925660252571106,0.0764179676771164,0.0826912522315979
5080,0.28928446769714355,0.07983236759901047,0.07951578497886658
5100,0.2892741560935974,0.0752413272857666,0.07699395716190338
5120,0.28918150067329407,0.07940541952848434,0.07718956470489502
5140,0.28930604457855225,0.07783958315849304,0.08065102994441986
5160,0.28922051191329956,0.08086863905191422,0.08191771805286407
5180,0.2896718382835388,0.07879086583852768,0.0875532403588295
5200,0.2897830009460449,0.08076120167970657,0.08165803551673889
5220,0.2894909977912903,0.0801376923918724,0.07780361920595169
5240,0.28954386711120605,0.08349571377038956,0.07755987346172333
5260,0.28931620717048645,0.07601246982812881,0.07627016305923462
5280,0.28905409574508667,0.08005660027265549,0.07858747243881226
5300,0.28875964879989624,0.07735525816679001,0.07728946954011917
5320,0.2884787917137146,0.07804747670888901,0.08067398518323898
5340,0.28845036029815674,0.07741354405879974,0.07771655917167664
5360,0.28865864872932434,0.07692603766918182,0.07563333958387375
5380,0.2883857488632202,0.07767408341169357,0.07854654639959335
5400,0.28826695680618286,0.08009617775678635,0.07763034105300903
5420,0.2880241572856903,0.07615184038877487,0.0757678970694542
5440,0.2879723906517029,0.0766279324889183,0.07626070082187653
5460,0.2880438566207886,0.07586928457021713,0.07931609451770782
5480,0.2881461977958679,0.07664648443460464,0.07662203907966614
5500,0.28802189230918884,0.07663144916296005,0.07764655351638794
5520,0.28793346881866455,0.07632330805063248,0.076422780752182
5540,0.2879778742790222,0.07627632468938828,0.07693533599376678
5560,0.2879413366317749,0.07425108551979065,0.0770668089389801
5580,0.2878461480140686,0.07327031344175339,0.07622750103473663
5600,0.287559449672699,0.07725714147090912,0.07759489119052887
5620,0.28752413392066956,0.07530082762241364,0.08040736615657806
5640,0.2876388132572174,0.07454802095890045,0.07577326893806458
5660,0.28753378987312317,0.07488851249217987,0.0759202092885971
5680,0.2873328924179077,0.08005670458078384,0.07652237266302109
5700,0.2872324287891388,0.07620798796415329,0.07589837908744812
5720,0.287102073431015,0.07369557023048401,0.07494151592254639
5740,0.28701937198638916,0.07744754105806351,0.07737542688846588
5760,0.28666919469833374,0.07815089821815491,0.07701916247606277
5780,0.2866157591342926,0.07210389524698257,0.07759019732475281
5800,0.28678128123283386,0.07685691863298416,0.08135031908750534
5820,0.286686509847641,0.0802154392004013,0.07988584041595459
5840,0.2867109179496765,0.07333198189735413,0.07747439295053482
5860,0.28651145100593567,0.07573065906763077,0.07639321684837341
5880,0.2865503430366516,0.0755690485239029,0.08102472871541977
5900,0.28654780983924866,0.07756970822811127,0.07753634452819824
5920,0.2865014672279358,0.07726771384477615,0.07581336051225662
5940,0.2863902151584625,0.07414510101079941,0.07589931041002274
5960,0.2863842844963074,0.07605361938476562,0.07583453506231308
5980,0.28629204630851746,0.07331420481204987,0.07745544612407684
6000,0.28605523705482483,0.07573024183511734,0.07706061005592346
6020,0.28595489263534546,0.07306411862373352,0.07460527867078781
6040,0.28577783703804016,0.07633406668901443,0.07875299453735352
6060,0.28589874505996704,0.07519092410802841,0.07682274281978607
6080,0.28595736622810364,0.07633756101131439,0.07923943549394608
6100,0.28612974286079407,0.07475060224533081,0.07820159941911697
6120,0.2859806418418884,0.0772293210029602,0.07469435036182404
6140,0.2857900857925415,0.07332488894462585,0.0803806483745575
6160,0.28573569655418396,0.0763917863368988,0.07403048872947693
6180,0.2855742275714874,0.07456707954406738,0.07543934881687164
6200,0.2856094241142273,0.07725159078836441,0.07599589228630066
6220,0.2856244742870331,0.0749121829867363,0.07442698627710342
6240,0.28549906611442566,0.07561235129833221,0.07394841313362122
6260,0.28538772463798523,0.07469436526298523,0.07692976295948029
6280,0.28521862626075745,0.07204855233430862,0.07729721814393997
6300,0.2848969101905823,0.07480554282665253,0.07353411614894867
6320,0.2848653793334961,0.0740947425365448,0.07354258000850677
6340,0.2847851812839508,0.07262963056564331,0.07379677891731262
6360,0.285023957490921,0.07392769306898117,0.08019576221704483
6380,0.2851874530315399,0.0755646675825119,0.07609593123197556
6400,0.2850569486618042,0.07563916593790054,0.07664153724908829
6420,0.2849668860435486,0.0715227723121643,0.07546152174472809
6440,0.28482913970947266,0.07393085211515427,0.0742010697722435
6460,0.28461700677871704,0.07445291429758072,0.07668548822402954
6480,0.2844524681568146,0.07415920495986938,0.07618442922830582
6500,0.2841951847076416,0.07333382219076157,0.07492998987436295
6520,0.28418391942977905,0.07973074913024902,0.07642357051372528
6540,0.28475308418273926,0.07402116805315018,0.07528030127286911
6560,0.28456297516822815,0.07203834503889084,0.07571366429328918
6580,0.2844759523868561,0.07567451894283295,0.0744183287024498
6600,0.28439968824386597,0.07576299458742142,0.07887951284646988
6620,0.28444740176200867,0.07481545209884644,0.08543741703033447
6640,0.28434625267982483,0.07372526824474335,0.07454735785722733
6660,0.28422999382019043,0.0720273107290268,0.07605116069316864
6680,0.28395164012908936,0.06982293725013733,0.07321169972419739
6700,0.28363320231437683,0.070834219455719,0.07642479240894318
6720,0.28344962000846863,0.0722079947590828,0.07351596653461456
6740,0.2834896445274353,0.07216136157512665,0.07512017339468002
6760,0.28366732597351074,0.07351414859294891,0.07354635000228882
6780,0.2837361693382263,0.07197633385658264,0.07444676011800766
6800,0.2837727963924408,0.07413607835769653,0.0737132877111435
6820,0.2837095260620117,0.07370822131633759,0.07200874388217926
6840,0.28341877460479736,0.07162677496671677,0.07254505902528763
6860,0.28318074345588684,0.07285752147436142,0.07326008379459381
6880,0.283290296792984,0.07450543344020844,0.07272651791572571
6900,0.28308284282684326,0.07226927578449249,0.0722796618938446
6920,0.28311315178871155,0.07413902878761292,0.07247669994831085
6940,0.28298836946487427,0.07157304883003235,0.07324594259262085
6960,0.28278228640556335,0.07535546272993088,0.0740501806139946
6980,0.28272178769111633,0.07477734982967377,0.07494360953569412
7000,0.28295689821243286,0.07316664606332779,0.08834914863109589
7020,0.2832740247249603,0.07345698028802872,0.07222793996334076
7040,0.2834169268608093,0.07732119411230087,0.07314582169055939
7060,0.2832513451576233,0.08086636662483215,0.08694252371788025
7080,0.2833211123943329,0.07482285052537918,0.07551966607570648
7100,0.28337275981903076,0.07257362455129623,0.0748247504234314
7120,0.28321143984794617,0.0720483809709549,0.07183419167995453
7140,0.28308412432670593,0.06894692033529282,0.07344211637973785
7160,0.28281471133232117,0.07102330774068832,0.07255138456821442
7180,0.2826977074146271,0.0709967091679573,0.07355991750955582
7200,0.28261977434158325,0.0724375993013382,0.0740286260843277
7220,0.28260311484336853,0.0726657435297966,0.07095906883478165
7240,0.28237178921699524,0.0709323137998581,0.07288491725921631
7260,0.2821246385574341,0.07177194952964783,0.07379116117954254
7280,0.2820003628730774,0.07175173610448837,0.07192295789718628
7300,0.28208494186401367,0.0690949410200119,0.07334471493959427
7320,0.28210529685020447,0.07172295451164246,0.0726599469780922
7340,0.28200042247772217,0.07206268608570099,0.07139366865158081
7360,0.28203266859054565,0.07094531506299973,0.07337883114814758
7380,0.28176942467689514,0.07476509362459183,0.0814892053604126
7400,0.2818075716495514,0.07007988542318344,0.07336585223674774
7420,0.2817251980304718,0.07253968715667725,0.07216313481330872
7440,0.28165680170059204,0.07446721196174622,0.07317056506872177
7460,0.281260222196579,0.06801709532737732,0.07590789347887039
7480,0.2811815142631531,0.07316382229328156,0.07576271146535873
7500,0.28135427832603455,0.07221107929944992,0.08186633884906769
7520,0.28134146332740784,0.07129166275262833,0.07162676751613617
7540,0.28131425380706787,0.0698813796043396,0.07299807667732239
7560,0.2810207009315491,0.0734013095498085,0.07283169031143188
7580,0.2811303436756134,0.07093632966279984,0.07365129888057709
7600,0.2809106111526489,0.07030696421861649,0.0721905454993248
7620,0.2809286415576935,0.07003535330295563,0.07125011831521988
7640,0.28090670704841614,0.07040439546108246,0.07735924422740936
7660,0.28070327639579773,0.07362738996744156,0.0752563625574112
7680,0.28047990798950195,0.07166771590709686,0.07089671492576599
7700,0.28027695417404175,0.06991748511791229,0.07204771041870117
7720,0.2800888419151306,0.0702352300286293,0.07083673030138016
7740,0.28008556365966797,0.07151501625776291,0.07142890244722366
7760,0.28009742498397827,0.07235962152481079,0.07126777619123459
7780,0.28004494309425354,0.07033441215753555,0.07300218939781189
7800,0.28021004796028137,0.07042603194713593,0.07146395742893219
7820,0.2800493836402893,0.06905961036682129,0.07445338368415833
7840,0.2799864411354065,0.06934305280447006,0.07685120403766632
7860,0.27988967299461365,0.06973177194595337,0.07435142248868942
7880,0.27988165616989136,0.06973382085561752,0.07235065847635269
7900,0.2797827422618866,0.07054600864648819,0.07410876452922821
7920,0.2795152962207794,0.0708518847823143,0.07321063429117203
7940,0.2793117165565491,0.0683019831776619,0.0708048865199089
7960,0.2789667844772339,0.0708414763212204,0.07584238052368164
7980,0.27879709005355835,0.07043956220149994,0.07137073576450348
8000,0.2788282334804535,0.07120192795991898,0.07166539132595062
8020,0.27863284945487976,0.06933294981718063,0.07044044137001038
8040,0.27851632237434387,0.06715822219848633,0.07292475551366806
8060,0.27835455536842346,0.06956595182418823,0.07245533168315887
8080,0.27833640575408936,0.0722007229924202,0.07284620404243469
8100,0.2784803807735443,0.06786804646253586,0.06948050856590271
8120,0.2784487009048462,0.07026974856853485,0.07207074761390686
8140,0.2785842716693878,0.07479149103164673,0.07284404337406158
8160,0.2785407602787018,0.07002327591180801,0.07003320753574371
8180,0.27833226323127747,0.07092072069644928,0.0698152631521225
8200,0.27832573652267456,0.06580822169780731,0.07244047522544861
8220,0.2783645689487457,0.0726705938577652,0.0711962953209877
8240,0.278219610452652,0.06666682660579681,0.06941065937280655
8260,0.2781100571155548,0.06721629947423935,0.07028596848249435
8280,0.27797216176986694,0.07054025679826736,0.07176345586776733
8300,0.27820175886154175,0.06843462586402893,0.0696672797203064
8320,0.27800291776657104,0.07110682874917984,0.07049979269504547
8340,0.27809274196624756,0.0704546719789505,0.0702323466539383
8360,0.2776912748813629,0.07093771547079086,0.07259305566549301
8380,0.27759361267089844,0.06597553938627243,0.07016964256763458
8400,0.27729272842407227,0.07141280174255371,0.07079004496335983
8420,0.2771959602832794,0.06992577016353607,0.06985926628112793
8440,0.27702945470809937,0.06847871840000153,0.07053890824317932
8460,0.2770538926124573,0.06800074875354767,0.07364416122436523
8480,0.2770242691040039,0.06796823441982269,0.0739605575799942
8500,0.27697721123695374,0.07013116031885147,0.07198430597782135
8520,0.27708059549331665,0.07598283886909485,0.0690273568034172
8540,0.27707377076148987,0.06775037199258804,0.07038938999176025
8560,0.276956170797348,0.06932581961154938,0.06936121731996536
8580,0.2768876254558563,0.0764865055680275,0.07077072560787201
8600,0.27720504999160767,0.07183834165334702,0.06913411617279053
8620,0.27755486965179443,0.07114861160516739,0.08038809150457382
8640,0.27749040722846985,0.06833157688379288,0.0700235664844513
8660,0.27716225385665894,0.06829555332660675,0.07078836858272552
8680,0.2770514488220215,0.07072728127241135,0.06955442577600479
8700,0.2768000364303589,0.07240091264247894,0.06974834203720093
8720,0.2764495611190796,0.06853427737951279,0.07527922838926315
8740,0.2765219211578369,0.06812550872564316,0.07295414805412292
8760,0.2767273485660553,0.06994026154279709,0.0689191222190857
8780,0.27665477991104126,0.06859970092773438,0.07024890929460526
8800,0.27645015716552734,0.06758693605661392,0.07122649997472763
8820,0.27632883191108704,0.06864983588457108,0.07025940716266632
8840,0.27636224031448364,0.06778141111135483,0.07005371898412704
8860,0.2761040925979614,0.06959939748048782,0.07281666994094849
8880,0.2759990990161896,0.07093042135238647,0.07071532309055328
8900,0.2759152948856354,0.07015885412693024,0.06862901896238327
8920,0.27585673332214355,0.06494500488042831,0.06963713467121124
8940,0.2756209969520569,0.06827843189239502,0.07098152488470078
8960,0.2757088840007782,0.06794147938489914,0.06892211735248566
8980,0.2758529484272003,0.0710521712899208,0.07098408043384552
9000,0.2758041322231293,0.06756746023893356,0.07008705288171768
9020,0.2754673361778259,0.06711424887180328,0.06848935037851334
9040,0.2752630114555359,0.06787378340959549,0.069159597158432
9060,0.2752845585346222,0.06694995611906052,0.07079427689313889
9080,0.2755781412124634,0.06992577016353607,0.06922198832035065
9100,0.27532991766929626,0.0693671926856041,0.07187201827764511
9120,0.27510619163513184,0.0677361935377121,0.06970211863517761
9140,0.27502891421318054,0.06942380219697952,0.07102841138839722
9160,0.27505287528038025,0.06661758571863174,0.06994311511516571
9180,0.2750650942325592,0.06716922670602798,0.07392069697380066
9200,0.2750043570995331,0.07159015536308289,0.06914110481739044
9220,0.27516666054725647,0.06829449534416199,0.06999580562114716
9240,0.27507284283638,0.06677078455686569,0.06796298921108246
9260,0.2750813364982605,0.06852412223815918,0.07415218651294708
9280,0.2750222384929657,0.06606663763523102,0.06884195655584335
9300,0.2749020755290985,0.06624837219715118,0.07023686170578003
9320,0.27478113770484924,0.06525114178657532,0.07069174200296402
9340,0.274687260389328,0.06734783947467804,0.06891708076000214
9360,0.27446234226226807,0.0695747509598732,0.06926210969686508
9380,0.274150550365448,0.06837828457355499,0.06915498524904251
9400,0.2740519940853119,0.06579618901014328,0.07255713641643524
9420,0.27397677302360535,0.0715055763721466,0.06936243176460266
9440,0.2739134728908539,0.06811904162168503,0.070029616355896
9460,0.27418363094329834,0.06766986101865768,0.06711554527282715
9480,0.27411848306655884,0.06991628557443619,0.07206328958272934
9500,0.2740531265735626,0.06653974205255508,0.06764791160821915
9520,0.27377045154571533,0.06542285531759262,0.06856552511453629
9540,0.2738923728466034,0.06448082625865936,0.07430577278137207
9560,0.27384963631629944,0.06636489182710648,0.06694678217172623
9580,0.27376824617385864,0.06437117606401443,0.06747529655694962
9600,0.27358224987983704,0.06671493500471115,0.06784385442733765
9620,0.273531436920166,0.06725388765335083,0.0720873549580574
9640,0.2733358144760132,0.06827103346586227,0.07000406086444855
9660,0.2732056975364685,0.06996570527553558,0.06774536520242691
9680,0.2731405794620514,0.06605879217386246,0.06864152103662491
9700,0.2731002867221832,0.06864900887012482,0.07129731774330139
9720,0.2732532322406769,0.06549583375453949,0.0693276897072792
9740,0.2731584310531616,0.0671447142958641,0.06781352311372757
9760,0.2731461524963379,0.06766660511493683,0.06947044283151627
9780,0.27308592200279236,0.06529006361961365,0.06772737950086594
9800,0.2729799151420593,0.06543581187725067,0.06864460557699203
9820,0.27275583148002625,0.06422105431556702,0.06833475083112717
9840,0.2725500166416168,0.06977749615907669,0.07010593265295029
9860,0.27234575152397156,0.06580325216054916,0.06774833053350449
9880,0.2724403142929077,0.06637053936719894,0.06895473599433899
9900,0.2723931670188904,0.06779007613658905,0.06667929142713547
9920,0.2723676860332489,0.06769052147865295,0.06682868301868439
9940,0.2721548080444336,0.06646585464477539,0.07203903794288635
9960,0.2721255123615265,0.06738261878490448,0.07806504517793655
9980,0.27224335074424744,0.0673387199640274,0.06876081973314285
10000,0.27196282148361206,0.06673634797334671,0.07058106362819672
10020,0.27191799879074097,0.06859581917524338,0.06886783242225647
10040,0.2719268500804901,0.06961717456579208,0.06944991648197174
10060,0.2718815803527832,0.06649772822856903,0.07138416916131973
10080,0.2718268036842346,0.06589382141828537,0.06777805089950562
10100,0.2717493772506714,0.06638522446155548,0.06844392418861389
10120,0.271646112203598,0.06704382598400116,0.06704506278038025
10140,0.27128875255584717,0.06581686437129974,0.06734606623649597
10160,0.27114465832710266,0.0676618218421936,0.06757870316505432
10180,0.27094677090644836,0.0662153959274292,0.06762311607599258
10200,0.27083444595336914,0.06444133818149567,0.07026523351669312
10220,0.27066928148269653,0.06853219866752625,0.07446423172950745
10240,0.27078142762184143,0.06574845314025879,0.06799677014350891
10260,0.2706539034843445,0.06530595570802689,0.0671706572175026
10280,0.2705223560333252,0.06588047742843628,0.06778273731470108
10300,0.27048060297966003,0.06288900971412659,0.0666598230600357
10320,0.27045801281929016,0.06653191894292831,0.06874783337116241
10340,0.27040520310401917,0.06625501066446304,0.06664033979177475
10360,0.2702696621417999,0.06861782819032669,0.06870979070663452
10380,0.2703748941421509,0.0672076940536499,0.06611832976341248
10400,0.2702125608921051,0.06498005986213684,0.0713111087679863
10420,0.27009448409080505,0.06374182552099228,0.06586647033691406
10440,0.2701411247253418,0.06509777158498764,0.06928737461566925
10460,0.27009814977645874,0.0654253140091896,0.06897439062595367
10480,0.26986703276634216,0.06674183905124664,0.0672231912612915
10500,0.2697659432888031,0.06857330352067947,0.06781485676765442
10520,0.26961183547973633,0.06516271084547043,0.066494882106781
10540,0.26967212557792664,0.06555388122797012,0.06738699227571487
10560,0.2696301341056824,0.0687633752822876,0.06625504791736603
10580,0.2696409821510315,0.06701242178678513,0.07120350748300552
10600,0.26967132091522217,0.06682510673999786,0.06579527258872986
10620,0.2696506679058075,0.06569086015224457,0.068715900182724
10640,0.26966801285743713,0.06500748544931412,0.07325581461191177
10660,0.2695554494857788,0.06720978021621704,0.06842821091413498
10680,0.2696061134338379,0.06386400014162064,0.06670587509870529
10700,0.26953884959220886,0.06643430143594742,0.06721019744873047
10720,0.2695314586162567,0.0662078857421875,0.06802168488502502
10740,0.26916584372520447,0.06740520149469376,0.06689955294132233
10760,0.26916322112083435,0.06580959260463715,0.06654907763004303
10780,0.2689749598503113,0.06511522084474564,0.06795787811279297
10800,0.26877474784851074,0.0640944093465805,0.0681392028927803
10820,0.268900990486145,0.06562088429927826,0.06956265866756439
10840,0.2689801752567291,0.06252696365118027,0.0671270564198494
10860,0.2688739001750946,0.06477915495634079,0.06699688732624054
10880,0.2683458924293518,0.06517849862575531,0.06767337769269943
10900,0.2683345079421997,0.06362003087997437,0.06792155653238297
10920,0.2683585286140442,0.0637969821691513,0.06878478825092316
10940,0.2681889832019806,0.06620413064956665,0.06854000687599182
10960,0.2681525647640228,0.06610488146543503,0.06999117136001587
10980,0.2682616412639618,0.06851585954427719,0.06771338731050491
11000,0.2684965431690216,0.06970665603876114,0.07091300189495087
11020,0.26835116744041443,0.06707638502120972,0.06672364473342896
11040,0.2684433162212372,0.0628751888871193,0.06750514358282089
11060,0.2682929039001465,0.060787998139858246,0.06738093495368958
11080,0.2682606279850006,0.06307853758335114,0.06636156141757965
11100,0.2680688798427582,0.06618711352348328,0.06721726804971695
11120,0.26806920766830444,0.06412874907255173,0.06596224009990692
11140,0.2679382562637329,0.06561219692230225,0.06794985383749008
11160,0.2679266333580017,0.06398656964302063,0.06798399984836578
11180,0.26783326268196106,0.06349152326583862,0.0658891499042511
11200,0.26809200644493103,0.06481406092643738,0.06701353192329407
11220,0.2678578495979309,0.06459637731313705,0.06698374450206757
11240,0.2677643299102783,0.06705133616924286,0.0737982839345932
11260,0.26771390438079834,0.06939589977264404,0.07155008614063263
11280,0.26762446761131287,0.06397352367639542,0.06707105040550232
11300,0.2675318419933319,0.06366109848022461,0.06573575735092163
11320,0.2672155499458313,0.06208644062280655,0.06529244780540466
11340,0.2668401300907135,0.06379655748605728,0.06520307064056396
11360,0.2664547860622406,0.06273691356182098,0.06541996449232101
11380,0.26606041193008423,0.06435335427522659,0.0660809800028801
11400,0.26604098081588745,0.06363298743963242,0.06571529060602188
11420,0.26603108644485474,0.06543490290641785,0.06572464108467102
11440,0.26604169607162476,0.0660959854722023,0.07206399738788605
11460,0.2661658823490143,0.061803076416254044,0.06709333509206772
11480,0.2661796808242798,0.06780685484409332,0.06806301325559616
11500,0.2662690579891205,0.06521447747945786,0.06979617476463318
11520,0.26627466082572937,0.06530938297510147,0.06596177816390991
11540,0.2664656341075897,0.06309223920106888,0.06931659579277039
11560,0.2662335932254791,0.06416987627744675,0.06695772707462311
11580,0.2661333382129669,0.06351830810308456,0.07464312762022018
11600,0.2663012146949768,0.06415322422981262,0.06782424449920654
11620,0.26645156741142273,0.06425564736127853,0.06628438085317612
11640,0.26610228419303894,0.06466809660196304,0.06731909513473511
11660,0.265960693359375,0.06159045547246933,0.06882326304912567
11680,0.2660019099712372,0.06657177954912186,0.06591355800628662
11700,0.26586687564849854,0.0635749027132988,0.06967680901288986
11720,0.26576343178749084,0.06307605654001236,0.06583911925554276
11740,0.2655014097690582,0.06509704887866974,0.066478431224823
11760,0.26547569036483765,0.06373035907745361,0.06668788194656372
11780,0.26526814699172974,0.06492406129837036,0.07062245905399323
11800,0.2654491662979126,0.06591837108135223,0.06827635318040848
11820,0.26553094387054443,0.06868048012256622,0.07069717347621918
11840,0.26562148332595825,0.06260600686073303,0.06550480425357819
11860,0.2654865086078644,0.0631270706653595,0.06436340510845184
11880,0.26541846990585327,0.06534051150083542,0.06675966084003448
11900,0.26540279388427734,0.063219353556633,0.06870689988136292
11920,0.26543277502059937,0.06522845476865768,0.06503839045763016
11940,0.26519787311553955,0.06393379718065262,0.06787440925836563
11960,0.2649117112159729,0.06427989155054092,0.06526348739862442
11980,0.26479455828666687,0.06325356662273407,0.06656806170940399
12000,0.26482221484184265,0.06320558488368988,0.06782110035419464
12020,0.2649323344230652,0.06574441492557526,0.06730536371469498
12040,0.2647556662559509,0.06255967915058136,0.06587198376655579
12060,0.2646135985851288,0.06868135184049606,0.06851980090141296
12080,0.2645273506641388,0.06337964534759521,0.06601746380329132
12100,0.2646244466304779,0.06460869312286377,0.0655471682548523
12120,0.26437151432037354,0.06353471428155899,0.06778008490800858
12140,0.264507919549942,0.06779013574123383,0.06489357352256775
12160,0.2644152343273163,0.06294766068458557,0.06479373574256897
12180,0.2642647325992584,0.06388730555772781,0.0662987008690834
12200,0.2640164792537689,0.06413248181343079,0.06823910027742386
12220,0.26399925351142883,0.06306622177362442,0.06525726616382599
12240,0.26363861560821533,0.06050318479537964,0.0648578405380249
12260,0.26353418827056885,0.06152106076478958,0.06571543961763382
12280,0.2632860839366913,0.06356559693813324,0.06636326760053635
12300,0.2633548080921173,0.06403868645429611,0.06565549224615097
12320,0.2631486654281616,0.06242434307932854,0.06592340022325516
12340,0.26292720437049866,0.06406895816326141,0.06526030600070953
12360,0.2630319893360138,0.06412840634584427,0.06918928772211075
12380,0.2631707489490509,0.06669751554727554,0.06679115444421768
12400,0.26325616240501404,0.06140558794140816,0.06493128836154938
12420,0.2629607319831848,0.05981677770614624,0.06470630317926407
12440,0.26295673847198486,0.061220187693834305,0.0637260228395462
12460,0.2628168761730194,0.06883352249860764,0.06838644295930862
12480,0.26301145553588867,0.06243770942091942,0.06512311100959778
12500,0.26291704177856445,0.0627477839589119,0.06526137888431549
12520,0.26302212476730347,0.06295321881771088,0.06433769315481186
12540,0.2627435028553009,0.06377030909061432,0.07296749949455261
12560,0.26272743940353394,0.06390205025672913,0.06667231023311615
12580,0.26252442598342896,0.05978141725063324,0.06664905697107315
12600,0.26233968138694763,0.06184348464012146,0.06468164920806885
12620,0.26246365904808044,0.06496897339820862,0.0652884840965271
12640,0.26239916682243347,0.06275665014982224,0.06958842277526855
12660,0.2622796595096588,0.060273148119449615,0.06557101011276245
12680,0.26231372356414795,0.06158481538295746,0.06393111497163773
12700,0.26222601532936096,0.062203243374824524,0.06556478887796402
12720,0.26209381222724915,0.06272522360086441,0.07069706916809082
12740,0.2618098855018616,0.06331781297922134,0.06348411738872528
12760,0.26158758997917175,0.0628271996974945,0.06529645621776581
12780,0.2614583373069763,0.061674635857343674,0.06600111722946167
12800,0.26153764128685,0.0659150555729866,0.07137315720319748
12820,0.26155269145965576,0.06276153028011322,0.06881551444530487
12840,0.26148542761802673,0.0627637505531311,0.06398702412843704
12860,0.26128771901130676,0.06170172989368439,0.06570248305797577
12880,0.2612009644508362,0.06471270322799683,0.06733723729848862
12900,0.26103517413139343,0.060933612287044525,0.0653705894947052
12920,0.2609795033931732,0.05997903645038605,0.06484191119670868
12940,0.26092836260795593,0.06411939114332199,0.06335810571908951
12960,0.26092714071273804,0.0628676638007164,0.06666544079780579
12980,0.26080065965652466,0.061847150325775146,0.06459828466176987
13000,0.26064783334732056,0.0634341686964035,0.0683920681476593
13020,0.2606694996356964,0.061640143394470215,0.0689193606376648
13040,0.260749489068985,0.06399665772914886,0.06983991712331772
13060,0.2607126832008362,0.06264600902795792,0.06688989698886871
13080,0.2607823312282562,0.06091645732522011,0.06481071561574936
13100,0.26038795709609985,0.06294247508049011,0.06463498622179031
13120,0.2603319585323334,0.06115562096238136,0.06437524408102036
13140,0.260203093290329,0.0658031478524208,0.0634373351931572
13160,0.2602214515209198,0.06368257850408554,0.06561155617237091
13180,0.26047641038894653,0.06280075758695602,0.06366398930549622
13200,0.2604897618293762,0.0632052943110466,0.06735406816005707
13220,0.26036950945854187,0.06586943566799164,0.0653366819024086
13240,0.26048514246940613,0.06014847755432129,0.07172316312789917
13260,0.2604530453681946,0.06570065021514893,0.07163215428590775
13280,0.26054126024246216,0.06321490556001663,0.06591413170099258
13300,0.2605326473712921,0.06215452775359154,0.06463097780942917
13320,0.26049184799194336,0.061369530856609344,0.06724496185779572
13340,0.2603208124637604,0.06194281205534935,0.06573406606912613
13360,0.2602830231189728,0.06258922070264816,0.06466470658779144
13380,0.2602657377719879,0.0613773912191391,0.06297183036804199
13400,0.26021504402160645,0.06340694427490234,0.06355039775371552
13420,0.2599058449268341,0.06382028013467789,0.06346618384122849
13440,0.25964662432670593,0.06159543991088867,0.06459004431962967
13460,0.2595451772212982,0.06216492876410484,0.06530925631523132
13480,0.2594341039657593,0.06304716318845749,0.06408238410949707
13500,0.2595103681087494,0.06297650188207626,0.06449452042579651
13520,0.25944679975509644,0.06489858031272888,0.07151992619037628
13540,0.25963786244392395,0.062391214072704315,0.0650884285569191
13560,0.2594609558582306,0.06299830973148346,0.06768432259559631
13580,0.2594260275363922,0.06104552000761032,0.06284569203853607
13600,0.2593020796775818,0.06075964495539665,0.06446436047554016
13620,0.2593103051185608,0.0628090351819992,0.06485451757907867
13640,0.2594713866710663,0.06052012741565704,0.06490767747163773
13660,0.2592044174671173,0.060169849544763565,0.06477126479148865
13680,0.25899916887283325,0.06137543544173241,0.06310373544692993
13700,0.2588891386985779,0.06279738247394562,0.06341920793056488
13720,0.2587810456752777,0.060175079852342606,0.06442490965127945
13740,0.2587142288684845,0.06263741850852966,0.06545348465442657
13760,0.2587486803531647,0.06212986260652542,0.0683150365948677
13780,0.2586170434951782,0.06536068767309189,0.06684280186891556
13800,0.2586897313594818,0.06151694059371948,0.06264763325452805
13820,0.2584369480609894,0.06315837800502777,0.061922695487737656
13840,0.2583645284175873,0.061796993017196655,0.06250998377799988
13860,0.25810506939888,0.06145833805203438,0.06462770700454712
13880,0.25794482231140137,0.0610034205019474,0.0631263256072998
13900,0.2580511271953583,0.0623839907348156,0.0655360147356987
13920,0.2577657401561737,0.061333123594522476,0.06346812099218369
13940,0.2580404281616211,0.06342873722314835,0.07089191675186157
13960,0.2582683861255646,0.061272554099559784,0.06281091272830963
13980,0.25820979475975037,0.06163651496171951,0.06545667350292206
14000,0.257914662361145,0.06053503230214119,0.063605397939682
14020,0.257904052734375,0.06112411618232727,0.0645570382475853
14040,0.25781944394111633,0.0615302138030529,0.06268727779388428
14060,0.2579450309276581,0.05875491723418236,0.06933067739009857
14080,0.2577766478061676,0.06481558829545975,0.06384897977113724
14100,0.25752970576286316,0.06265611201524734,0.06458964198827744
14120,0.25756746530532837,0.06070897728204727,0.06308150291442871
14140,0.2575688064098358,0.06047641485929489,0.06589168310165405
14160,0.2574584484100342,0.06120842322707176,0.06269509345293045
14180,0.2572202682495117,0.06123795732855797,0.06551602482795715
14200,0.25718894600868225,0.06000190228223801,0.06323517858982086
14220,0.2571428716182709,0.059461068361997604,0.06402014940977097
14240,0.25701531767845154,0.06258774548768997,0.062107592821121216
14260,0.2568182349205017,0.06027359142899513,0.06363935023546219
14280,0.25686463713645935,0.06215181201696396,0.06761322915554047
14300,0.2568255066871643,0.06018921732902527,0.06348501145839691
14320,0.2568017542362213,0.05963221192359924,0.06350592523813248
14340,0.2565126419067383,0.06228509172797203,0.06397229433059692
14360,0.2563149929046631,0.06338855624198914,0.0648982971906662
14380,0.25604405999183655,0.06145511195063591,0.06380627304315567
14400,0.2560957670211792,0.062119826674461365,0.06643450260162354
14420,0.25620508193969727,0.06452740728855133,0.06473720818758011
14440,0.25600293278694153,0.06099112331867218,0.06307925283908844
14460,0.2559118866920471,0.059400562196969986,0.06719726324081421
14480,0.2557983696460724,0.06094567850232124,0.06677576899528503
14500,0.25582271814346313,0.05975477024912834,0.0637526586651802
14520,0.25571075081825256,0.061230603605508804,0.06746756285429001
14540,0.255492627620697,0.06216087564826012,0.06351803243160248
14560,0.25532442331314087,0.05974540859460831,0.0629613995552063
14580,0.25509604811668396,0.05666719377040863,0.06386318802833557
14600,0.2549329400062561,0.05949576944112778,0.06357856094837189
14620,0.2551586925983429,0.0615723580121994,0.06329958885908127
14640,0.25498610734939575,0.06121611222624779,0.062222372740507126
14660,0.2551203966140747,0.06055685505270958,0.062456972897052765
14680,0.25503435730934143,0.05980928614735603,0.06193036586046219
14700,0.25503095984458923,0.05907459557056427,0.0649392381310463
14720,0.25484758615493774,0.06124657019972801,0.06292251497507095
14740,0.2547451853752136,0.061244480311870575,0.06802134960889816
14760,0.25488168001174927,0.06163061410188675,0.06453227996826172
14780,0.2545830309391022,0.06353241950273514,0.06387272477149963
14800,0.2547730803489685,0.058957088738679886,0.06288885325193405
14820,0.2544279396533966,0.059133291244506836,0.06155095621943474
14840,0.25426673889160156,0.058635562658309937,0.06306992471218109
14860,0.25415053963661194,0.05989743769168854,0.06373687833547592
14880,0.25426384806632996,0.0604591891169548,0.0651601105928421
14900,0.25440871715545654,0.06235489621758461,0.06690528988838196
14920,0.2543594241142273,0.05892594903707504,0.06311866641044617
14940,0.25430211424827576,0.06292103976011276,0.06608713418245316
14960,0.2542136013507843,0.06141362339258194,0.0633816123008728
14980,0.2539043128490448,0.06084054708480835,0.06779570877552032
15000,0.25422245264053345,0.05946818366646767,0.06282486021518707
15020,0.25408944487571716,0.05987011268734932,0.06491637229919434
15040,0.25394532084465027,0.06094434857368469,0.06515354663133621
15060,0.2539432942867279,0.060051530599594116,0.06270402669906616
15080,0.25373613834381104,0.06102413684129715,0.06282949447631836
15100,0.2537013292312622,0.06125018745660782,0.06386908143758774
15120,0.2538251280784607,0.06138617545366287,0.0631585568189621
15140,0.2536911368370056,0.06171511486172676,0.06290700286626816
15160,0.25356996059417725,0.061269402503967285,0.06779082119464874
15180,0.25359511375427246,0.060209352523088455,0.0662006288766861
15200,0.25379678606987,0.061015162616968155,0.06333302706480026
15220,0.25364506244659424,0.06004880741238594,0.06382416188716888
15240,0.2534315884113312,0.06058807671070099,0.06865410506725311
15260,0.2534123957157135,0.05950997397303581,0.06349064409732819
15280,0.25339314341545105,0.05933595076203346,0.06959708034992218
15300,0.2532216012477875,0.06278277188539505,0.0626947358250618
15320,0.2532421350479126,0.06372707337141037,0.06197328120470047
15340,0.25328537821769714,0.058732591569423676,0.06274469196796417
15360,0.2531135380268097,0.0606723390519619,0.06288479268550873
15380,0.2528514862060547,0.0603339709341526,0.061878059059381485
15400,0.2527504861354828,0.05984843894839287,0.06467302143573761
15420,0.2528151273727417,0.05667097121477127,0.0641658753156662
15440,0.25284725427627563,0.05999377369880676,0.06410685181617737
15460,0.25315138697624207,0.06117342785000801,0.06270962953567505
15480,0.25308018922805786,0.060807954519987106,0.06283482164144516
15500,0.2532566785812378,0.060350652784109116,0.06228359416127205
15520,0.25316834449768066,0.0590241476893425,0.06265845894813538
15540,0.2528265714645386,0.06154831871390343,0.06479332596063614
15560,0.2526990473270416,0.06131201609969139,0.06646605581045151
15580,0.2525998055934906,0.059196971356868744,0.06644235551357269
15600,0.25230351090431213,0.0565648078918457,0.0618685707449913
15620,0.2521929442882538,0.05970669165253639,0.06340821087360382
15640,0.25202691555023193,0.061363834887742996,0.06636342406272888
15660,0.2519894540309906,0.06156516447663307,0.06255800276994705
15680,0.25190889835357666,0.06002454832196236,0.06199626252055168
15700,0.2521456182003021,0.058451518416404724,0.06354651600122452
15720,0.25196710228919983,0.06055634468793869,0.06449995189905167
15740,0.2520291805267334,0.060403723269701004,0.06257261335849762
15760,0.2521301805973053,0.05963385850191116,0.062888503074646
15780,0.25192180275917053,0.05879493057727814,0.06401432305574417
15800,0.2517794966697693,0.0639958381652832,0.061423409730196
15820,0.25174352526664734,0.05780445411801338,0.06667707860469818
15840,0.2516235113143921,0.05993262678384781,0.06279931217432022
15860,0.25138434767723083,0.05895669013261795,0.06052430346608162
15880,0.2513478100299835,0.06186287850141525,0.06186797097325325
15900,0.2513662576675415,0.060788217931985855,0.06260393559932709
15920,0.2514079511165619,0.059307679533958435,0.06692443788051605
15940,0.2513483762741089,0.05990971624851227,0.061203330755233765
15960,0.2509215474128723,0.05622490495443344,0.06418724358081818
15980,0.2508999705314636,0.06156414374709129,0.06145915761590004
16000,0.25052696466445923,0.05808383226394653,0.06272964179515839
16020,0.2504568099975586,0.057744525372982025,0.06212269514799118
16040,0.25027137994766235,0.060602735728025436,0.061946433037519455
16060,0.25018182396888733,0.05806693434715271,0.06455257534980774
16080,0.2500728666782379,0.058165814727544785,0.06426052749156952
16100,0.24985864758491516,0.05927134305238724,0.06149401515722275
16120,0.24983349442481995,0.05861542746424675,0.06158825010061264
16140,0.24978914856910706,0.059743452817201614,0.06280107796192169
16160,0.25002750754356384,0.058197181671857834,0.06461144983768463
16180,0.25017526745796204,0.05730334669351578,0.06123637780547142
16200,0.24999548494815826,0.062470443546772,0.06149871274828911
16220,0.24980393052101135,0.05843864381313324,0.0641746073961258
16240,0.24992962181568146,0.06199706718325615,0.06419405341148376
16260,0.25019893050193787,0.05588184669613838,0.06442517787218094
16280,0.2500191926956177,0.058944232761859894,0.061894986778497696
16300,0.24988047778606415,0.05892351269721985,0.06565560400485992
16320,0.24971163272857666,0.057580284774303436,0.06430966407060623
16340,0.24973949790000916,0.0590796023607254,0.06740565598011017
16360,0.24982552230358124,0.05815814062952995,0.060508910566568375
16380,0.24962198734283447,0.05834180861711502,0.06155690178275108
16400,0.24958084523677826,0.062257010489702225,0.06395531445741653
16420,0.24967779219150543,0.057106614112854004,0.06445053219795227
16440,0.2496030479669571,0.05853525549173355,0.06177128851413727
16460,0.2494535595178604,0.05935980752110481,0.060848310589790344
16480,0.24923934042453766,0.057876650243997574,0.06543940305709839
16500,0.24926131963729858,0.05750805884599686,0.06200515478849411
16520,0.2490009218454361,0.058220893144607544,0.06098182499408722
16540,0.24909842014312744,0.05889957398176193,0.06301949918270111
16560,0.2492869794368744,0.0586104653775692,0.06058596447110176
16580,0.24917003512382507,0.059880875051021576,0.062149081379175186
16600,0.24905796349048615,0.057959817349910736,0.0623696893453598
16620,0.2488497942686081,0.06169397756457329,0.06592060625553131
16640,0.24877390265464783,0.060490213334560394,0.061943333595991135
16660,0.24868559837341309,0.058560650795698166,0.06552568078041077
16680,0.2485397607088089,0.05916934460401535,0.06343123316764832
16700,0.24869710206985474,0.06064758822321892,0.06157883629202843
16720,0.2486215978860855,0.06137777864933014,0.06175431236624718
16740,0.2486540824174881,0.059011317789554596,0.06168554723262787
16760,0.24851541221141815,0.058676738291978836,0.06161551922559738
16780,0.2482163906097412,0.05737229436635971,0.06080685555934906
16800,0.2479051798582077,0.05920551344752312,0.06118293106555939
16820,0.24774643778800964,0.05795634910464287,0.061264727264642715
16840,0.24774865806102753,0.06028025969862938,0.06696328520774841
16860,0.24783657491207123,0.06122296676039696,0.06324303895235062
16880,0.24771952629089355,0.05992824584245682,0.06104070320725441
16900,0.24787481129169464,0.056934159249067307,0.06198393926024437
16920,0.24778562784194946,0.057829950004816055,0.06072712689638138
16940,0.24764291942119598,0.05952285975217819,0.06317596137523651
16960,0.24722690880298615,0.05826656520366669,0.06229174882173538
16980,0.2471124827861786,0.058278609067201614,0.0620184950530529
17000,0.2469087541103363,0.05759314075112343,0.06226938217878342
17020,0.2469382882118225,0.05798135697841644,0.06312372535467148
17040,0.2469647228717804,0.05744903162121773,0.06640172749757767
17060,0.246804878115654,0.05770149454474449,0.06149958446621895
17080,0.2467414289712906,0.05750589445233345,0.06177763640880585
17100,0.2465638518333435,0.05981260538101196,0.06103380024433136
17120,0.24651525914669037,0.05882248282432556,0.06304673850536346
17140,0.2467578649520874,0.05869854614138603,0.06087959557771683
17160,0.2464321255683899,0.061084482818841934,0.06407471001148224
17180,0.246548131108284,0.057656288146972656,0.06569502502679825
17200,0.24666908383369446,0.059074766933918,0.060725755989551544
17220,0.24649369716644287,0.0587657205760479,0.06071057915687561
17240,0.24646785855293274,0.05535446107387543,0.061844054609537125
17260,0.24647362530231476,0.05912892147898674,0.0680188462138176
17280,0.2467595934867859,0.05785654857754707,0.06061706691980362
17300,0.24667491018772125,0.056768305599689484,0.06016489863395691
17320,0.24629850685596466,0.057482775300741196,0.06143183633685112
17340,0.24590981006622314,0.057047463953495026,0.06302429735660553
17360,0.2457844763994217,0.058705393224954605,0.061252668499946594
17380,0.24593529105186462,0.05845104902982712,0.06445155292749405
17400,0.2459918111562729,0.056815266609191895,0.0603770837187767
17420,0.24602968990802765,0.05681678652763367,0.06044136360287666
17440,0.24587655067443848,0.05911935493350029,0.061061158776283264
17460,0.2455006092786789,0.05632057040929794,0.06079055368900299
17480,0.24555671215057373,0.05642825365066528,0.0631941705942154
17500,0.24551576375961304,0.05724623426795006,0.06213166192173958
17520,0.24552753567695618,0.06003665551543236,0.06071624904870987
17540,0.2455267459154129,0.05844529718160629,0.059458453208208084
17560,0.24532891809940338,0.06001751124858856,0.06218722090125084
17580,0.24517376720905304,0.0569746196269989,0.06017182394862175
17600,0.24490027129650116,0.057615380734205246,0.06043170392513275
17620,0.24497778713703156,0.06072143092751503,0.06470077484846115
17640,0.24530445039272308,0.059063781052827835,0.0652666911482811
17660,0.2452387660741806,0.0591411255300045,0.06212357059121132
17680,0.24510474503040314,0.05481497570872307,0.06400375813245773
17700,0.2449844777584076,0.0582418255507946,0.06075192242860794
17720,0.24489112198352814,0.05658639967441559,0.061071474105119705
17740,0.24486005306243896,0.05748589709401131,0.06268434971570969
17760,0.24482867121696472,0.05829585716128349,0.06136002391576767
17780,0.24467787146568298,0.05886632949113846,0.06372764706611633
17800,0.2446322739124298,0.05862295627593994,0.05974617600440979
17820,0.2444552481174469,0.057099804282188416,0.0614507794380188
17840,0.24439214169979095,0.05563057214021683,0.061871785670518875
17860,0.24451923370361328,0.057650722563266754,0.06247107684612274
17880,0.24465081095695496,0.05781958997249603,0.06122639775276184
17900,0.24454805254936218,0.058363351970911026,0.06226228550076485
17920,0.24460887908935547,0.056975144892930984,0.05941253900527954
17940,0.24439099431037903,0.05876598879694939,0.06020444259047508
17960,0.24456171691417694,0.055488940328359604,0.06511537730693817
17980,0.24448581039905548,0.05741941183805466,0.06648334860801697
18000,0.24429506063461304,0.058087725192308426,0.0593879409134388
18020,0.24426744878292084,0.05753178521990776,0.060413096100091934
18040,0.24433161318302155,0.05625510215759277,0.061167240142822266
18060,0.24423108994960785,0.05714854598045349,0.06084952875971794
18080,0.2443493902683258,0.06247346103191376,0.061632998287677765
18100,0.24429208040237427,0.057723790407180786,0.062313370406627655
18120,0.24432355165481567,0.058703549206256866,0.06352734565734863
18140,0.24436475336551666,0.05841582641005516,0.06036873906850815
18160,0.24436001479625702,0.05638271942734718,0.05960686504840851
18180,0.24409563839435577,0.05589817464351654,0.06129565089941025
18200,0.2440011203289032,0.05847657471895218,0.06071771681308746
18220,0.2439483404159546,0.0558370016515255,0.06337736546993256
18240,0.2438378930091858,0.05802825465798378,0.061827078461647034
18260,0.24396264553070068,0.056364499032497406,0.06061761826276779
18280,0.2437697947025299,0.0573512427508831,0.0597444586455822
18300,0.2434849888086319,0.058861132711172104,0.06266200542449951
18320,0.2438158094882965,0.055885057896375656,0.06295839697122574
18340,0.2437383532524109,0.05573396012187004,0.06235991045832634
18360,0.24366755783557892,0.058572206646203995,0.06194624304771423
18380,0.24384231865406036,0.05876552686095238,0.061616986989974976
18400,0.2439059019088745,0.05725716054439545,0.060843802988529205
18420,0.24352693557739258,0.057966846972703934,0.062408696860075
18440,0.2435372918844223,0.05351551994681358,0.061959926038980484
18460,0.24322468042373657,0.06181380897760391,0.06646711379289627
18480,0.24319632351398468,0.056825149804353714,0.06138310953974724
18500,0.2430538684129715,0.057795118540525436,0.06003837287425995
18520,0.2429569512605667,0.057390887290239334,0.060460206121206284
18540,0.24283947050571442,0.05714099109172821,0.06070389971137047
18560,0.2429044097661972,0.057027604430913925,0.0638410821557045
18580,0.24273113906383514,0.05632852390408516,0.06295661628246307
18600,0.24265223741531372,0.054899804294109344,0.061202943325042725
18620,0.24234671890735626,0.059906329959630966,0.06406804919242859
18640,0.24250952899456024,0.059106748551130295,0.059657759964466095
18660,0.24211877584457397,0.05667390301823616,0.06073830649256706
18680,0.24204352498054504,0.054998524487018585,0.061559248715639114
18700,0.24189019203186035,0.05713602900505066,0.062132641673088074
18720,0.24188648164272308,0.05948188900947571,0.06336666643619537
18740,0.24175016582012177,0.05696855112910271,0.06273309141397476
18760,0.24167782068252563,0.05840972438454628,0.06069118529558182
18780,0.24171321094036102,0.057849809527397156,0.06240549311041832
18800,0.2416723370552063,0.0557137094438076,0.06005999445915222
18820,0.2416781187057495,0.05535731837153435,0.06092138960957527
18840,0.24160169064998627,0.056202784180641174,0.06266289949417114
18860,0.24156706035137177,0.05702042579650879,0.06368163228034973
18880,0.2415773719549179,0.05421605333685875,0.06216507777571678
18900,0.24160948395729065,0.05649682134389877,0.05983848497271538
18920,0.2415781021118164,0.05994739010930061,0.059952862560749054
18940,0.24141576886177063,0.05598929896950722,0.06055831164121628
18960,0.2414661943912506,0.05898725241422653,0.05990925431251526
18980,0.24146558344364166,0.059023596346378326,0.05992182716727257
19000,0.24120888113975525,0.0613229013979435,0.06492386758327484
19020,0.24129299819469452,0.059203676879405975,0.061661262065172195
19040,0.2413879781961441,0.05876673758029938,0.06087325140833855
19060,0.24137450754642487,0.053965888917446136,0.06106363981962204
19080,0.24119950830936432,0.05678921937942505,0.06002266705036163
19100,0.24113450944423676,0.056984495371580124,0.06241970136761665
19120,0.24096283316612244,0.05784556269645691,0.06217310577630997
19140,0.24107345938682556,0.05716739222407341,0.0619635172188282
19160,0.24118533730506897,0.05516046658158302,0.06071067973971367
19180,0.24123504757881165,0.054025065153837204,0.06095358729362488
19200,0.24111008644104004,0.05847335234284401,0.061561454087495804
19220,0.24110159277915955,0.05877399072051048,0.06016873940825462
19240,0.2408827543258667,0.061902981251478195,0.06162874773144722
19260,0.2407321035861969,0.056228503584861755,0.06005684658885002
19280,0.24066297709941864,0.05359402671456337,0.06071261316537857
19300,0.2403821051120758,0.05690009519457817,0.05968248471617699
19320,0.24038799107074738,0.06137998402118683,0.05919564515352249
19340,0.24025031924247742,0.05681641772389412,0.06077238917350769
19360,0.24045592546463013,0.05795859545469284,0.05969863384962082
19380,0.24028168618679047,0.057594552636146545,0.06040205433964729
19400,0.24017876386642456,0.05545720085501671,0.06148545444011688
19420,0.24015505611896515,0.05685027688741684,0.06045203283429146
19440,0.24003487825393677,0.056085143238306046,0.060964882373809814
19460,0.24002200365066528,0.05754879117012024,0.06057409569621086
19480,0.24008852243423462,0.057135485112667084,0.06426563858985901
19500,0.240024134516716,0.056175075471401215,0.06773870438337326
19520,0.2401006668806076,0.05789829418063164,0.059447214007377625
19540,0.23999883234500885,0.05645400658249855,0.05897684022784233
19560,0.23991833627223969,0.05711978301405907,0.060983091592788696
19580,0.24005059897899628,0.057574313133955,0.06228620558977127
19600,0.23984694480895996,0.05746406316757202,0.06105943024158478
19620,0.23971806466579437,0.05494228005409241,0.05934476852416992
19640,0.23933345079421997,0.05612983927130699,0.05800843983888626
19660,0.23899006843566895,0.0548638291656971,0.05954449996352196
19680,0.23905041813850403,0.055023785680532455,0.06215348094701767
19700,0.23883573710918427,0.055271562188863754,0.05878964066505432
19720,0.23866744339466095,0.05644330009818077,0.06305146962404251
19740,0.23889292776584625,0.058163370937108994,0.060270000249147415
19760,0.23886126279830933,0.05657191574573517,0.05979267135262489
19780,0.23876285552978516,0.05569197237491608,0.06027689576148987
19800,0.23883506655693054,0.055535346269607544,0.06053049862384796
19820,0.2387782484292984,0.055266089737415314,0.06072793900966644
19840,0.238565593957901,0.05529753118753433,0.06074069067835808
19860,0.23874028027057648,0.05707412585616112,0.05915011093020439
19880,0.23862645030021667,0.05839327350258827,0.061330247670412064
19900,0.2388124316930771,0.05592727288603783,0.06139533221721649
19920,0.23893578350543976,0.053769636899232864,0.05992967262864113
19940,0.238689124584198,0.05684305727481842,0.05804789811372757
19960,0.2386987954378128,0.05688224360346794,0.05938421189785004
19980,0.23861177265644073,0.05553881824016571,0.058114998042583466
20000,0.23838640749454498,0.057751841843128204,0.06157226860523224
20020,0.23822835087776184,0.05549323186278343,0.06043398380279541
20040,0.2381761223077774,0.05573946610093117,0.06117359921336174
20060,0.23814260959625244,0.056407902389764786,0.06103289872407913
20080,0.23818428814411163,0.05543479695916176,0.059173084795475006
20100,0.23806719481945038,0.058400873094797134,0.060063038021326065
20120,0.2378612905740738,0.05570341274142265,0.05888694152235985
20140,0.2377065271139145,0.05590132996439934,0.059528201818466187
20160,0.2376636415719986,0.05297791585326195,0.061845194548368454
20180,0.23765265941619873,0.055199820548295975,0.0590917132794857
20200,0.2376820147037506,0.060750462114810944,0.06068744137883186
20220,0.23808103799819946,0.05609103664755821,0.06275293976068497
20240,0.23796774446964264,0.05541902408003807,0.058864641934633255
20260,0.23795926570892334,0.05598895251750946,0.058846283704042435
20280,0.23762795329093933,0.05728534981608391,0.0593402236700058
20300,0.2373519092798233,0.05522172898054123,0.05811437964439392
20320,0.2371092289686203,0.056374866515398026,0.05892963334918022
20340,0.23706462979316711,0.05606364831328392,0.06056348979473114
20360,0.23694607615470886,0.05461260303854942,0.05944545567035675
20380,0.23678699135780334,0.05689641833305359,0.0589350201189518
20400,0.23686818778514862,0.05656777322292328,0.059067174792289734
20420,0.23705540597438812,0.05516592413187027,0.059805888682603836
20440,0.23687607049942017,0.05680195987224579,0.06280478835105896
20460,0.23693859577178955,0.05656195804476738,0.06383910775184631
20480,0.23712138831615448,0.056544505059719086,0.06180363893508911
20500,0.23723891377449036,0.05293295904994011,0.06018662080168724
20520,0.2370440661907196,0.054263584315776825,0.058726947754621506
20540,0.23703236877918243,0.05523497611284256,0.06082315742969513
20560,0.23675990104675293,0.05668623000383377,0.05964189022779465
20580,0.23670023679733276,0.05474396049976349,0.059951893985271454
20600,0.23671476542949677,0.05966705083847046,0.059485215693712234
20620,0.2366955578327179,0.054652102291584015,0.06548329442739487
20640,0.23677246272563934,0.060027286410331726,0.05947611480951309
20660,0.23704229295253754,0.055347271263599396,0.05901097506284714
20680,0.23678463697433472,0.053401146084070206,0.0633540078997612
20700,0.2369219809770584,0.0568220391869545,0.061923377215862274
20720,0.2366904765367508,0.055517055094242096,0.06024450063705444
20740,0.23671382665634155,0.05537566542625427,0.061552222818136215
20760,0.23659932613372803,0.055832505226135254,0.05820035934448242
20780,0.2365933209657669,0.05494360625743866,0.058892324566841125
20800,0.2365538477897644,0.055087167769670486,0.06144608184695244
20820,0.23636169731616974,0.05631280690431595,0.059453658759593964
20840,0.2363177239894867,0.05745721608400345,0.0596843883395195
20860,0.23634840548038483,0.05426140874624252,0.060668058693408966
20880,0.23640014231204987,0.05640025436878204,0.05800144374370575
20900,0.2363438457250595,0.055360209196805954,0.058656565845012665
20920,0.2363412231206894,0.05541893467307091,0.06386873126029968
20940,0.23622702062129974,0.05407564714550972,0.05835442617535591
20960,0.23605971038341522,0.05621178075671196,0.060587991029024124
20980,0.23579028248786926,0.0539216622710228,0.0605606883764267
21000,0.23584014177322388,0.05721666291356087,0.06284698098897934
21020,0.23586279153823853,0.05595222860574722,0.06103330850601196
21040,0.23590165376663208,0.05422872304916382,0.05853155255317688
21060,0.2356214076280594,0.05694591999053955,0.05979764461517334
21080,0.23552323877811432,0.05490344762802124,0.06065266579389572
21100,0.23542854189872742,0.05987456068396568,0.06076814979314804
21120,0.2354326993227005,0.05495495721697807,0.05988086014986038
21140,0.2354585826396942,0.055162131786346436,0.060302894562482834
21160,0.23525679111480713,0.054685138165950775,0.06086020916700363
21180,0.23533372581005096,0.056760482490062714,0.05960164591670036
21200,0.23513956367969513,0.05795721709728241,0.05822058767080307
21220,0.2352709323167801,0.054547082632780075,0.061017170548439026
21240,0.23547634482383728,0.05628445744514465,0.05859528109431267
21260,0.23543977737426758,0.05559664964675903,0.06370576471090317
21280,0.2354864776134491,0.05536780133843422,0.061771657317876816
21300,0.23550842702388763,0.05451774224638939,0.05849727243185043
21320,0.2352447211742401,0.055013470351696014,0.05917125195264816
21340,0.23488545417785645,0.054702866822481155,0.060858357697725296
21360,0.23473168909549713,0.05382693186402321,0.0590800903737545
21380,0.2347906082868576,0.05844704061746597,0.05824590474367142
21400,0.23446087539196014,0.056363992393016815,0.05941915512084961
21420,0.2344169318675995,0.054189570248126984,0.05936521291732788
21440,0.23458266258239746,0.056581657379865646,0.060513537377119064
21460,0.2347751408815384,0.053833555430173874,0.057570554316043854
21480,0.23447351157665253,0.05508607625961304,0.06174883618950844
21500,0.23449073731899261,0.0547405481338501,0.057498909533023834
21520,0.23422454297542572,0.05622143670916557,0.058949798345565796
21540,0.2342909574508667,0.05541147291660309,0.05771961808204651
21560,0.23409044742584229,0.056925296783447266,0.057702384889125824
21580,0.23411934077739716,0.05279264599084854,0.059036985039711
21600,0.23391923308372498,0.05478568747639656,0.059267014265060425
21620,0.23406580090522766,0.05440186336636543,0.0597536638379097
21640,0.23381473124027252,0.055658698081970215,0.06143396720290184
21660,0.2339244782924652,0.054627593606710434,0.05935771018266678
21680,0.23376722633838654,0.05594055354595184,0.058961883187294006
21700,0.23386894166469574,0.055986832827329636,0.06056351959705353
21720,0.2339354306459427,0.058584850281476974,0.05891323834657669
21740,0.2340206801891327,0.05612469092011452,0.06483237445354462
21760,0.23395386338233948,0.05570380017161369,0.05784454941749573
21780,0.2338026463985443,0.05700796842575073,0.061380840837955475
21800,0.23378176987171173,0.05234793201088905,0.05812797695398331
21820,0.23355597257614136,0.05695164576172829,0.06500698626041412
21840,0.2335614114999771,0.05598682165145874,0.05907050520181656
21860,0.23338255286216736,0.05371000990271568,0.05952797830104828
21880,0.23324765264987946,0.05551966279745102,0.058633167296648026
21900,0.2331077605485916,0.056839603930711746,0.059563048183918
21920,0.2330285757780075,0.05296078324317932,0.05895928293466568
21940,0.23322176933288574,0.05437842383980751,0.05784951522946358
21960,0.2333088219165802,0.055916544049978256,0.05921495705842972
21980,0.23316653072834015,0.05375051498413086,0.058852121233940125
22000,0.23315134644508362,0.05425763130187988,0.05941838026046753
22020,0.23310710489749908,0.05591927468776703,0.059924155473709106
22040,0.23314587771892548,0.055507685989141464,0.05899328365921974
22060,0.23330292105674744,0.05643744021654129,0.059406258165836334
22080,0.23303711414337158,0.05581656098365784,0.05793841928243637
22100,0.23282520473003387,0.054000455886125565,0.05788882076740265
22120,0.23294223845005035,0.05420142784714699,0.057691317051649094
22140,0.23287366330623627,0.05622067302465439,0.05866736173629761
22160,0.23282065987586975,0.05376759544014931,0.0599830225110054
22180,0.23276297748088837,0.053532518446445465,0.060125067830085754
22200,0.23239973187446594,0.05427546054124832,0.05990785360336304
22220,0.23231728374958038,0.05570312961935997,0.0595196895301342
22240,0.23227038979530334,0.05499844625592232,0.05782178044319153
22260,0.2323397845029831,0.05601407587528229,0.058053988963365555
22280,0.23231346905231476,0.054959509521722794,0.058332279324531555
22300,0.23256035149097443,0.05437430739402771,0.061075203120708466
22320,0.23277118802070618,0.052542682737112045,0.06266672909259796
22340,0.23254284262657166,0.05498306453227997,0.06035236269235611
22360,0.23244965076446533,0.05559183657169342,0.05761082097887993
22380,0.23250198364257812,0.054528385400772095,0.05785046145319939
22400,0.23250770568847656,0.0531030111014843,0.05750105157494545
22420,0.23244309425354004,0.0548635870218277,0.06073363125324249
22440,0.23221053183078766,0.05429738759994507,0.05858110636472702
22460,0.23218604922294617,0.05640263482928276,0.05953042209148407
22480,0.2320987433195114,0.05278748646378517,0.06101774424314499
22500,0.2321651577949524,0.05260172858834267,0.057392507791519165
22520,0.23218630254268646,0.05488080158829689,0.05772116035223007
22540,0.2320190966129303,0.053176186978816986,0.05890679359436035
22560,0.2318110466003418,0.05508426949381828,0.06033524125814438
22580,0.23183700442314148,0.05362428352236748,0.06115395203232765
22600,0.23191168904304504,0.05771831050515175,0.058660462498664856
22620,0.23194579780101776,0.055076465010643005,0.05873268097639084
22640,0.2317824512720108,0.05470772087574005,0.05804211273789406
22660,0.23165203630924225,0.054904527962207794,0.05802851915359497
22680,0.23170025646686554,0.05609994754195213,0.06208973750472069
22700,0.231673002243042,0.053590577095746994,0.058753930032253265
22720,0.23152801394462585,0.05672760307788849,0.05922159552574158
22740,0.23181264102458954,0.054256852716207504,0.05881047993898392
22760,0.2318911850452423,0.05439727380871773,0.0571361668407917
22780,0.23177069425582886,0.05583454668521881,0.05885419249534607
22800,0.23161734640598297,0.05435600131750107,0.060307979583740234
22820,0.23146530985832214,0.05446505919098854,0.059669747948646545
22840,0.2313293218612671,0.05493927747011185,0.058251313865184784
22860,0.2313206046819687,0.05489227548241615,0.06047523021697998
22880,0.23114736378192902,0.05248989537358284,0.05909444019198418
22900,0.2311723381280899,0.05371656268835068,0.06026759743690491
22920,0.2312902957201004,0.05361846461892128,0.05891270190477371
22940,0.23106248676776886,0.05583219230175018,0.059878814965486526
22960,0.23099589347839355,0.05481638014316559,0.058410707861185074
22980,0.23096905648708344,0.05380614101886749,0.057212576270103455
23000,0.23076772689819336,0.055594656616449356,0.05992063879966736
23020,0.23064479231834412,0.054315898567438126,0.058880917727947235
23040,0.23042184114456177,0.053150102496147156,0.0581979975104332
23060,0.23009614646434784,0.05336139723658562,0.05788161978125572
23080,0.23009316623210907,0.05497473478317261,0.06109330803155899
23100,0.23016154766082764,0.054414547979831696,0.05856721103191376
23120,0.23014530539512634,0.05491096153855324,0.057752855122089386
23140,0.2299569547176361,0.053579386323690414,0.05984726548194885
23160,0.2298583686351776,0.05441403388977051,0.05687444284558296
23180,0.22961708903312683,0.053420018404722214,0.05705656856298447
23200,0.22943221032619476,0.051944244652986526,0.058720774948596954
23220,0.22963625192642212,0.05382496863603592,0.05819917842745781
23240,0.2297654002904892,0.05593527853488922,0.05938689410686493
23260,0.2297952026128769,0.05379641428589821,0.05817558243870735
23280,0.22976984083652496,0.052906423807144165,0.06120831146836281
23300,0.22958606481552124,0.05470874160528183,0.05897480621933937
23320,0.22975903749465942,0.05482659116387367,0.057742081582546234
23340,0.22955529391765594,0.056378066539764404,0.05914050713181496
23360,0.22960111498832703,0.05633050948381424,0.06321407109498978
23380,0.22949475049972534,0.05481905862689018,0.06176823005080223
23400,0.22959139943122864,0.056276243180036545,0.058525022119283676
23420,0.2295197993516922,0.05397297069430351,0.057304009795188904
23440,0.22948138415813446,0.05548353120684624,0.058677393943071365
23460,0.22944317758083344,0.05359350144863129,0.05835356190800667
23480,0.22926801443099976,0.05329384282231331,0.06099574640393257
23500,0.22933191061019897,0.054270997643470764,0.05891469866037369
23520,0.22926929593086243,0.05563579872250557,0.05694248899817467
23540,0.22936326265335083,0.05344831198453903,0.06117718294262886
23560,0.2294400930404663,0.05423585698008537,0.05937680974602699
23580,0.22938421368598938,0.054492976516485214,0.05862753093242645
23600,0.2292267382144928,0.05653052777051926,0.05893232673406601
23620,0.22906990349292755,0.0539436899125576,0.05769898742437363
23640,0.22884683310985565,0.05359829217195511,0.0572950541973114
23660,0.22878286242485046,0.055617254227399826,0.05768989771604538
23680,0.22883260250091553,0.054278962314128876,0.057500433176755905
23700,0.22871315479278564,0.05358361452817917,0.05927404761314392
23720,0.22860437631607056,0.054340191185474396,0.05913766846060753
23740,0.22839456796646118,0.05127229541540146,0.05764808505773544
23760,0.22831259667873383,0.05231194570660591,0.056452676653862
23780,0.22831599414348602,0.05203360319137573,0.057946037501096725
23800,0.2283664494752884,0.05449759587645531,0.056076765060424805
23820,0.22818073630332947,0.0576917789876461,0.0601159930229187
23840,0.22821930050849915,0.05445781722664833,0.061290137469768524
23860,0.2282925397157669,0.053701579570770264,0.056401461362838745
23880,0.22836917638778687,0.05296306684613228,0.05809008702635765
23900,0.2282533496618271,0.05276285856962204,0.06217774748802185
23920,0.22850191593170166,0.052203912287950516,0.05777435749769211
23940,0.22825518250465393,0.055291272699832916,0.057669028639793396
23960,0.22834569215774536,0.05435771122574806,0.05760445445775986
23980,0.22836685180664062,0.05472402647137642,0.05956431105732918
24000,0.2281290739774704,0.05192955955862999,0.06064159423112869
24020,0.22791218757629395,0.05318484082818031,0.05630222335457802
24040,0.22768081724643707,0.05177280679345131,0.059484805911779404
24060,0.22755752503871918,0.053406909108161926,0.05802227556705475
24080,0.2275354117155075,0.05308956280350685,0.057089775800704956
24100,0.22743839025497437,0.0542270690202713,0.05759416148066521
24120,0.22740915417671204,0.055679623037576675,0.05887431278824806
24140,0.22749170660972595,0.05283505469560623,0.057210639119148254
24160,0.2274700254201889,0.05197163298726082,0.05862904712557793
24180,0.22751861810684204,0.05410141125321388,0.05818919092416763
24200,0.22742219269275665,0.05438736081123352,0.0610283687710762
24220,0.22754430770874023,0.05491415411233902,0.06023554503917694
24240,0.22740308940410614,0.05662459880113602,0.061478711664676666
24260,0.22777017951011658,0.05361132323741913,0.05837838724255562
24280,0.22762125730514526,0.0545535683631897,0.05739721283316612
24300,0.2275300920009613,0.05180235207080841,0.06020161509513855
24320,0.22750349342823029,0.0526503250002861,0.05825093388557434
24340,0.22724290192127228,0.052796944975852966,0.06150855869054794
24360,0.2272811233997345,0.05360594391822815,0.05859391763806343
24380,0.2271675318479538,0.05417526513338089,0.05643836036324501
24400,0.22695747017860413,0.05410340428352356,0.05633333697915077
24420,0.22692613303661346,0.05570764094591141,0.05787031725049019
24440,0.22687892615795135,0.05246589332818985,0.057126931846141815
24460,0.22705763578414917,0.052729684859514236,0.060273781418800354
24480,0.2270650416612625,0.05288304388523102,0.0581599660217762
24500,0.22719287872314453,0.051166657358407974,0.05721733346581459
24520,0.22701643407344818,0.053425151854753494,0.05776667594909668
24540,0.2269698977470398,0.05488136410713196,0.058360762894153595
24560,0.22683846950531006,0.05121924355626106,0.05707215145230293
24580,0.22676141560077667,0.05352546647191048,0.05806718021631241
24600,0.22664718329906464,0.0540846586227417,0.059300899505615234
24620,0.22664520144462585,0.05226925015449524,0.05883481353521347
24640,0.22662033140659332,0.05803247168660164,0.05749865248799324
24660,0.22659216821193695,0.05513714998960495,0.05694536492228508
24680,0.22672723233699799,0.052483368664979935,0.05939508229494095
24700,0.22648659348487854,0.05283569544553757,0.05813779681921005
24720,0.2266959547996521,0.056332461535930634,0.05859924107789993
24740,0.2268906831741333,0.05431259796023369,0.05692734569311142
24760,0.22687731683254242,0.053407520055770874,0.05851280316710472
24780,0.2268509715795517,0.052612196654081345,0.05846839025616646
24800,0.22664134204387665,0.05447929725050926,0.05778072401881218
24820,0.22635328769683838,0.052365392446517944,0.05659549683332443
24840,0.22637872397899628,0.05333349481225014,0.058952707797288895
24860,0.22647687792778015,0.05351633578538895,0.05898399278521538
24880,0.2265423685312271,0.05406684800982475,0.05617394298315048
24900,0.22619272768497467,0.05437782406806946,0.058074165135622025
24920,0.2263195961713791,0.05531703680753708,0.060078077018260956
24940,0.2264690101146698,0.05304626747965813,0.058801017701625824
24960,0.22629760205745697,0.05109010636806488,0.05818967521190643
24980,0.2262793630361557,0.05144619196653366,0.05887049436569214
25000,0.2260165959596634,0.051963504403829575,0.05654752254486084
25020,0.22575810551643372,0.05408636853098869,0.06140226870775223
25040,0.22590011358261108,0.05314695090055466,0.05787687376141548
25060,0.22593136131763458,0.0553210973739624,0.06078913062810898
25080,0.22609040141105652,0.05481274053454399,0.05703013017773628
25100,0.2261091023683548,0.053680963814258575,0.05658762902021408
25120,0.225691020488739,0.05267121270298958,0.059329092502593994
25140,0.22565405070781708,0.05400430038571358,0.058217599987983704
25160,0.2255919873714447,0.050534915179014206,0.05681726709008217
25180,0.22548742592334747,0.053778573870658875,0.05842393636703491
25200,0.22532814741134644,0.05266524851322174,0.058708928525447845
25220,0.2252683788537979,0.05339672043919563,0.05694520100951195
25240,0.22541265189647675,0.05400613695383072,0.05667616426944733
25260,0.22518546879291534,0.05311882495880127,0.0616888552904129
25280,0.22549082338809967,0.05280978977680206,0.05930772051215172
25300,0.2254796028137207,0.05556933209300041,0.05771612003445625
25320,0.22542794048786163,0.05303935334086418,0.05792506784200668
25340,0.22537142038345337,0.05279386416077614,0.05787034332752228
25360,0.22528371214866638,0.053117718547582626,0.057698268443346024
25380,0.2251228243112564,0.05530978739261627,0.057159557938575745
25400,0.2249569445848465,0.052670832723379135,0.05581393465399742
25420,0.22456566989421844,0.051639579236507416,0.05836981162428856
25440,0.22478358447551727,0.05295923724770546,0.05606541410088539
25460,0.22490398585796356,0.05523904785513878,0.05834243446588516
25480,0.224920392036438,0.05540629103779793,0.0599798820912838
25500,0.22499819099903107,0.05213665962219238,0.056815486401319504
25520,0.22471898794174194,0.054465942084789276,0.05743622034788132
25540,0.2245960533618927,0.0533299520611763,0.05829000845551491
25560,0.22438430786132812,0.05214647948741913,0.056508682668209076
25580,0.224480539560318,0.051162611693143845,0.060039762407541275
25600,0.22434507310390472,0.05332283303141594,0.06061976030468941
25620,0.22452270984649658,0.05768260359764099,0.05777270346879959
25640,0.22456827759742737,0.05171572417020798,0.060024600476026535
25660,0.224452942609787,0.053588107228279114,0.05735379084944725
25680,0.22458668053150177,0.05327394977211952,0.056245625019073486
25700,0.2243788093328476,0.05169844254851341,0.05779792368412018
25720,0.22439154982566833,0.051553186029195786,0.05609021335840225
25740,0.2242555320262909,0.05221843346953392,0.05881544575095177
25760,0.2240224927663803,0.05182728171348572,0.06331086903810501
25780,0.22428056597709656,0.05408409982919693,0.05961579084396362
25800,0.22414033114910126,0.05162900686264038,0.057858049869537354
25820,0.22423875331878662,0.05275014042854309,0.059452883899211884
25840,0.22423307597637177,0.0536433681845665,0.056291256099939346
25860,0.22413547337055206,0.051620252430438995,0.05719330906867981
25880,0.22391121089458466,0.05236653983592987,0.05829828232526779
25900,0.22410163283348083,0.05677565932273865,0.057513557374477386
25920,0.2242673635482788,0.052391741424798965,0.058224715292453766
25940,0.22428247332572937,0.053619347512722015,0.05675053596496582
25960,0.22425171732902527,0.05224812403321266,0.05908516049385071
25980,0.22410541772842407,0.0521298311650753,0.05569903180003166
26000,0.2239336222410202,0.05257222056388855,0.056641556322574615
26020,0.22390954196453094,0.05232119932770729,0.056929655373096466
26040,0.22393368184566498,0.05304330587387085,0.05718022957444191
26060,0.2238120138645172,0.0561850406229496,0.06339427083730698
26080,0.22411949932575226,0.051546406000852585,0.05855068936944008
26100,0.22406931221485138,0.05179022252559662,0.05673923343420029
26120,0.22396902740001678,0.05048432573676109,0.055971864610910416
26140,0.22395817935466766,0.051956288516521454,0.05678887665271759
26160,0.223903626203537,0.0523950457572937,0.05763046070933342
26180,0.22365213930606842,0.05306413769721985,0.05794915556907654
26200,0.2235908955335617,0.0530601367354393,0.05755633860826492
26220,0.22343704104423523,0.051914654672145844,0.05931999906897545
26240,0.22320601344108582,0.05353419855237007,0.05906257778406143
26260,0.22314418852329254,0.05108729377388954,0.0568583644926548
26280,0.22304126620292664,0.051803044974803925,0.0562034547328949
26300,0.22302469611167908,0.05184713006019592,0.05583324283361435
26320,0.22288592159748077,0.05111657828092575,0.056974418461322784
26340,0.22298282384872437,0.053715188056230545,0.055989306420087814
26360,0.2230500727891922,0.051893312484025955,0.055844612419605255
26380,0.22311176359653473,0.05078378692269325,0.0560370609164238
26400,0.2228943109512329,0.05314386263489723,0.05657804012298584
26420,0.22283223271369934,0.05318482965230942,0.05879758298397064
26440,0.2228350043296814,0.05240120366215706,0.05583376809954643
26460,0.22252114117145538,0.052007045596838,0.05643964558839798
26480,0.2226146012544632,0.05340370163321495,0.05865674465894699
26500,0.22248601913452148,0.05126934126019478,0.056225743144750595
26520,0.22236353158950806,0.05250557139515877,0.055543024092912674
26540,0.2223963737487793,0.052219096571207047,0.05797211825847626
26560,0.22234615683555603,0.05074974149465561,0.05930526554584503
26580,0.22226205468177795,0.05342777445912361,0.057033441960811615
26600,0.22228799760341644,0.05366324260830879,0.05855827033519745
26620,0.22232604026794434,0.0526430681347847,0.05546567589044571
26640,0.2222057431936264,0.05666951835155487,0.05837535113096237
26660,0.22237882018089294,0.050925225019454956,0.06050926446914673
26680,0.22267359495162964,0.05343131721019745,0.057289522141218185
26700,0.22268858551979065,0.0542183592915535,0.05986794829368591
26720,0.22270408272743225,0.05336600914597511,0.055777326226234436
26740,0.22257323563098907,0.05411908030509949,0.05621853470802307
26760,0.22249771654605865,0.051748957484960556,0.056933335959911346
26780,0.22229304909706116,0.052335601300001144,0.05776809900999069
26800,0.2220924198627472,0.05316862463951111,0.05759178847074509
26820,0.22224484384059906,0.054381113499403,0.06114363670349121
26840,0.22252997756004333,0.052110932767391205,0.05559728667140007
26860,0.22244836390018463,0.052650462836027145,0.05920187383890152
26880,0.22222472727298737,0.05057547241449356,0.05853366106748581
26900,0.22219616174697876,0.050311364233493805,0.05525708943605423
26920,0.22180861234664917,0.051708195358514786,0.056208960711956024
26940,0.22152090072631836,0.05119558051228523,0.057402994483709335
26960,0.2213720977306366,0.05254017934203148,0.058598391711711884
26980,0.2216556966304779,0.05318806692957878,0.05725717917084694
27000,0.22149816155433655,0.053523238748311996,0.05736149474978447
27020,0.22141799330711365,0.05095277726650238,0.05749734491109848
27040,0.2214241474866867,0.048830460757017136,0.05712314695119858
27060,0.2212592214345932,0.051347192376852036,0.05863548070192337
27080,0.22121556103229523,0.051729366183280945,0.059022460132837296
27100,0.22117137908935547,0.053589679300785065,0.062499433755874634
27120,0.22122371196746826,0.053280074149370193,0.05562153458595276
27140,0.22122818231582642,0.05186785012483597,0.057899318635463715
27160,0.22106187045574188,0.051151737570762634,0.05795493721961975
27180,0.22093024849891663,0.05181250348687172,0.05549748241901398
27200,0.22080229222774506,0.05112476646900177,0.0563039667904377
27220,0.22090613842010498,0.05350251868367195,0.055999770760536194
27240,0.22067418694496155,0.052150581032037735,0.05833207443356514
27260,0.22058390080928802,0.052550576627254486,0.05655040219426155
27280,0.22059714794158936,0.05007511377334595,0.05950909107923508
27300,0.22057078778743744,0.05234237015247345,0.05918552353978157
27320,0.2208957076072693,0.050334345549345016,0.05636941269040108
27340,0.22056491672992706,0.053047243505716324,0.05738706886768341
27360,0.22071927785873413,0.05310254916548729,0.056795634329319
27380,0.22080574929714203,0.054954737424850464,0.05940607935190201
27400,0.22091731429100037,0.054968517273664474,0.060517799109220505
27420,0.2209613025188446,0.050387024879455566,0.05716100335121155
27440,0.2209845334291458,0.0533682145178318,0.0580676905810833
27460,0.22077229619026184,0.05237055942416191,0.055240798741579056
27480,0.22067098319530487,0.05283638834953308,0.055464066565036774
27500,0.22060765326023102,0.04957947880029678,0.05545073002576828
27520,0.22040386497974396,0.051788296550512314,0.05817309021949768
27540,0.22045116126537323,0.05061963200569153,0.05604957044124603
27560,0.2202434539794922,0.05079790577292442,0.05641934275627136
27580,0.22019046545028687,0.05119108781218529,0.0577956922352314
27600,0.22008904814720154,0.05068827420473099,0.058242980390787125
27620,0.22023271024227142,0.05477144196629524,0.05909483879804611
27640,0.22077488899230957,0.05230537801980972,0.05938636511564255
27660,0.22084149718284607,0.05474156513810158,0.05690668895840645
27680,0.22063826024532318,0.050630755722522736,0.058294352144002914
27700,0.22025509178638458,0.05266634747385979,0.058492183685302734
27720,0.2198544144630432,0.05147981643676758,0.05694606900215149
27740,0.2199491560459137,0.050861895084381104,0.05765378847718239
27760,0.22003281116485596,0.05200042203068733,0.057678140699863434
27780,0.21989406645298004,0.05188801884651184,0.0586683452129364
27800,0.21990624070167542,0.050783757120370865,0.05784391611814499
27820,0.21986834704875946,0.050174273550510406,0.05501944571733475
27840,0.21960784494876862,0.05196703225374222,0.058389224112033844
27860,0.21971777081489563,0.05215136706829071,0.05688416212797165
27880,0.21990002691745758,0.05257006362080574,0.059385038912296295
27900,0.21981438994407654,0.050542235374450684,0.05570641905069351
27920,0.21963539719581604,0.05566948279738426,0.05597131699323654
27940,0.21957552433013916,0.05704357475042343,0.05598371475934982
27960,0.21976740658283234,0.050018541514873505,0.05574547126889229
27980,0.21987804770469666,0.05205175280570984,0.05589529126882553
28000,0.21975961327552795,0.05151801556348801,0.05709334835410118
28020,0.21966354548931122,0.05170750617980957,0.05571591854095459
28040,0.21949580311775208,0.05277763307094574,0.05680378898978233
28060,0.2192411720752716,0.05142449587583542,0.05613705888390541
28080,0.21925601363182068,0.0527394600212574,0.05831281095743179
28100,0.2192852646112442,0.053989801555871964,0.05827029049396515
28120,0.21916648745536804,0.05136118456721306,0.05585145205259323
28140,0.21909205615520477,0.0538945235311985,0.05710666999220848
28160,0.2192584127187729,0.053217120468616486,0.056688275188207626
28180,0.2191159725189209,0.04886062815785408,0.05655039846897125
28200,0.21896256506443024,0.050199076533317566,0.05605924874544144
28220,0.21882960200309753,0.05223337933421135,0.05503090098500252
28240,0.21875989437103271,0.0511898510158062,0.055512428283691406
28260,0.21861593425273895,0.05180586501955986,0.05663096904754639
28280,0.21878187358379364,0.05025475472211838,0.05566667392849922
28300,0.21866393089294434,0.0505828820168972,0.05703010410070419
28320,0.21851792931556702,0.05050596222281456,0.05629082769155502
28340,0.2184339165687561,0.049822863191366196,0.057739850133657455
28360,0.2184440940618515,0.051443807780742645,0.05769048258662224
28380,0.21853865683078766,0.05465177819132805,0.05623612925410271
28400,0.2186051309108734,0.053062595427036285,0.059105969965457916
28420,0.21877095103263855,0.0521535687148571,0.058946192264556885
28440,0.21881064772605896,0.05393197387456894,0.057704776525497437
28460,0.2186908721923828,0.05291789770126343,0.0600697323679924
28480,0.2186075747013092,0.05375861003994942,0.057312093675136566
28500,0.218512162566185,0.050697796046733856,0.05757666379213333
28520,0.2185712307691574,0.050252702087163925,0.05911079794168472
28540,0.21844586730003357,0.05177978053689003,0.056988973170518875
28560,0.21844330430030823,0.05247688665986061,0.05526956915855408
28580,0.2182839810848236,0.051208753138780594,0.05621359124779701
28600,0.2181890308856964,0.05189914628863335,0.05867226794362068
28620,0.21816706657409668,0.050648972392082214,0.058994513005018234
28640,0.21823202073574066,0.049416832625865936,0.05630885064601898
28660,0.218062162399292,0.049902793020009995,0.059985339641571045
28680,0.21808595955371857,0.054061077535152435,0.05576310679316521
28700,0.2179321050643921,0.05027399957180023,0.05500248819589615
28720,0.2180132418870926,0.05068671330809593,0.05791758745908737
28740,0.21822163462638855,0.051507618278265,0.05605822801589966
28760,0.2183142900466919,0.05216027423739433,0.05552373081445694
28780,0.2182660698890686,0.04980829730629921,0.05981699377298355
28800,0.21813371777534485,0.05167056992650032,0.05612993240356445
28820,0.21801422536373138,0.05134741589426994,0.05607480928301811
28840,0.21780084073543549,0.053165003657341,0.05715717002749443
28860,0.21790172159671783,0.04976225271821022,0.055673591792583466
28880,0.2179788202047348,0.0499587282538414,0.05563084036111832
28900,0.21777062118053436,0.04914676770567894,0.05716067552566528
28920,0.21777144074440002,0.05116729810833931,0.05584742873907089
28940,0.21747559309005737,0.05029912665486336,0.055028773844242096
28960,0.21724319458007812,0.05172334611415863,0.05523861199617386
28980,0.21718253195285797,0.051292501389980316,0.05557570233941078
29000,0.21712739765644073,0.049643564969301224,0.05585413798689842
29020,0.21696482598781586,0.050714120268821716,0.05619107931852341
29040,0.217091366648674,0.05081970617175102,0.05651422217488289
29060,0.21687157452106476,0.05101213976740837,0.05572833493351936
29080,0.21712227165699005,0.05382943153381348,0.06154613941907883
29100,0.21727177500724792,0.05211878567934036,0.057099852710962296
29120,0.21731449663639069,0.049572039395570755,0.054726991802453995
29140,0.2170315682888031,0.051219165325164795,0.05754911154508591
29160,0.2168377935886383,0.0497957244515419,0.057073891162872314
29180,0.21684876084327698,0.05149290710687637,0.057358089834451675
29200,0.21680228412151337,0.05033963546156883,0.05538581684231758
29220,0.2166750580072403,0.050516434013843536,0.05887559428811073
29240,0.21654115617275238,0.050684358924627304,0.058484870940446854
29260,0.2168206423521042,0.052841272205114365,0.056691624224185944
29280,0.21688058972358704,0.051954321563243866,0.057014141231775284
29300,0.2169973999261856,0.05069558322429657,0.055665843188762665
29320,0.2168826311826706,0.05067303031682968,0.05535000562667847
29340,0.21690984070301056,0.050158776342868805,0.05559821426868439
29360,0.21683689951896667,0.0567810982465744,0.05688769370317459
29380,0.21671772003173828,0.04958971589803696,0.05583454668521881
29400,0.21653753519058228,0.05140344053506851,0.056755661964416504
29420,0.2164977490901947,0.05038575828075409,0.05617467314004898
29440,0.21633902192115784,0.04903792589902878,0.05451103299856186
29460,0.21625639498233795,0.051152557134628296,0.05520012602210045
29480,0.21625837683677673,0.04943357780575752,0.05426859110593796
29500,0.21606816351413727,0.0502578541636467,0.056862615048885345
29520,0.2160281538963318,0.04855659231543541,0.0549318790435791
29540,0.21623024344444275,0.04978993907570839,0.0570690780878067
29560,0.2161104828119278,0.0509033277630806,0.05510557442903519
29580,0.21592651307582855,0.04993590712547302,0.057675279676914215
29600,0.21590900421142578,0.05094774067401886,0.05643954500555992
29620,0.21583151817321777,0.051803965121507645,0.05695522949099541
29640,0.21570758521556854,0.049000199884176254,0.058679498732089996
29660,0.2158825844526291,0.05233515799045563,0.05647779256105423
29680,0.2158382683992386,0.0520830936729908,0.05483758822083473
29700,0.215826153755188,0.05001838877797127,0.056960709393024445
29720,0.2156754732131958,0.05311691388487816,0.05486850440502167
29740,0.21558348834514618,0.05049680545926094,0.05589129775762558
29760,0.21550947427749634,0.05187682434916496,0.05597584322094917
29780,0.21579961478710175,0.05284229665994644,0.054559409618377686
29800,0.21566256880760193,0.051594752818346024,0.05493585020303726
29820,0.21568594872951508,0.05085583031177521,0.05600852519273758
29840,0.2157437652349472,0.05122341215610504,0.05734642595052719
29860,0.21560674905776978,0.05040832608938217,0.05512600392103195
29880,0.21555566787719727,0.050247155129909515,0.055479492992162704
29900,0.21550999581813812,0.05038747936487198,0.0558243989944458
29920,0.21535193920135498,0.04846831411123276,0.055448222905397415
29940,0.21531060338020325,0.05285749211907387,0.05514617636799812
29960,0.2152312994003296,0.051612574607133865,0.05723723769187927
29980,0.21532446146011353,0.04883705452084541,0.06000147759914398
30000,0.21514035761356354,0.05028623342514038,0.054770298302173615
