Step,loss(train),loss(validate)
20,0.9631958603858948,1.0004123449325562
40,0.7515404224395752,0.8257985711097717
60,0.5998613834381104,0.6456334590911865
80,0.5006921291351318,0.513542115688324
100,0.4423663914203644,0.4309915006160736
120,0.3855089247226715,0.38492530584335327
140,0.35325121879577637,0.35622093081474304
160,0.33950018882751465,0.3331329822540283
180,0.29913070797920227,0.3417184054851532
200,0.27523180842399597,0.34274688363075256
220,0.28557509183883667,0.3373752236366272
240,0.24987976253032684,0.3336604833602905
260,0.24461247026920319,0.33161213994026184
280,0.22824130952358246,0.3305296301841736
300,0.23797953128814697,0.3139391839504242
320,0.21548356115818024,0.334121972322464
340,0.2092709243297577,0.33570730686187744
360,0.19816797971725464,0.3275020122528076
380,0.21812571585178375,0.27422061562538147
400,0.19295774400234222,0.3071978688240051
420,0.1853373497724533,0.2923138439655304
440,0.1749059557914734,0.29382604360580444
460,0.16855601966381073,0.26529839634895325
480,0.16583597660064697,0.22518037259578705
500,0.165422260761261,0.21065634489059448
520,0.1588667333126068,0.22931906580924988
540,0.1645207554101944,0.19219008088111877
560,0.15691109001636505,0.17395761609077454
580,0.1581975817680359,0.20328541100025177
600,0.15146397054195404,0.16871896386146545
620,0.15242360532283783,0.16079175472259521
640,0.15585803985595703,0.1682601422071457
660,0.15197452902793884,0.15510450303554535
680,0.15247046947479248,0.15470358729362488
700,0.14450518786907196,0.15007153153419495
720,0.1507224589586258,0.15970280766487122
740,0.1407727748155594,0.14456690847873688
760,0.13954059779644012,0.1426534652709961
780,0.14722010493278503,0.1416999250650406
800,0.14016959071159363,0.1450854241847992
820,0.13954965770244598,0.1447562873363495
840,0.1397937387228012,0.14179907739162445
860,0.13623079657554626,0.13428524136543274
880,0.13667745888233185,0.13558940589427948
900,0.13544097542762756,0.1373087763786316
920,0.13769447803497314,0.1326911449432373
940,0.13492794334888458,0.13150806725025177
960,0.12875619530677795,0.1408652514219284
980,0.13222290575504303,0.13143521547317505
1000,0.12835194170475006,0.1329178512096405
1020,0.12919758260250092,0.13823986053466797
1040,0.12331287562847137,0.13482283055782318
1060,0.1332877278327942,0.12389299273490906
1080,0.12299877405166626,0.12224413454532623
1100,0.12094666063785553,0.12272412329912186
1120,0.12567733228206635,0.13786481320858002
1140,0.123274065554142,0.1256835162639618
1160,0.12001622468233109,0.12524619698524475
1180,0.12331734597682953,0.12775591015815735
1200,0.12304896116256714,0.12095312029123306
1220,0.12530465424060822,0.11976700276136398
1240,0.12294387072324753,0.12904766201972961
1260,0.11982348561286926,0.11998416483402252
1280,0.11552350223064423,0.1181136816740036
1300,0.11444719135761261,0.11658908426761627
1320,0.11490918695926666,0.11626122146844864
1340,0.11949362605810165,0.1394578516483307
1360,0.1215386614203453,0.1186358779668808
1380,0.11403103172779083,0.11501438915729523
1400,0.11486583203077316,0.11888773739337921
1420,0.11136136949062347,0.11430466175079346
1440,0.11517880856990814,0.11261677742004395
1460,0.1131182536482811,0.12176564335823059
1480,0.11375891417264938,0.11535670608282089
1500,0.1137104257941246,0.12279517948627472
1520,0.1140311136841774,0.12291255593299866
1540,0.11572230607271194,0.11134118586778641
1560,0.11260706186294556,0.1156182587146759
1580,0.10993266850709915,0.1138833612203598
1600,0.11069979518651962,0.11382065713405609
1620,0.11758866161108017,0.11856915056705475
1640,0.11179757863283157,0.1120070070028305
1660,0.10691249370574951,0.11122409254312515
1680,0.11475729942321777,0.10721120983362198
1700,0.1080261766910553,0.10789620876312256
1720,0.10745501518249512,0.10799146443605423
1740,0.10810885578393936,0.10914924740791321
1760,0.1075858473777771,0.11290797591209412
1780,0.11425308883190155,0.11556561291217804
1800,0.11004268378019333,0.12067891657352448
1820,0.10608772933483124,0.1078207939863205
1840,0.10751239210367203,0.110206238925457
1860,0.11274551600217819,0.11650941520929337
1880,0.10667777806520462,0.11421049386262894
1900,0.10850609093904495,0.11094510555267334
1920,0.10540488362312317,0.10401622951030731
1940,0.10184605419635773,0.10751394927501678
1960,0.10569371283054352,0.11387436091899872
1980,0.10356778651475906,0.1036907285451889
2000,0.10456608980894089,0.10419907420873642
2020,0.10305023938417435,0.10425712168216705
2040,0.10157550871372223,0.10202387720346451
2060,0.10378488153219223,0.10503575950860977
2080,0.10389713197946548,0.11508747935295105
2100,0.11498264223337173,0.10500441491603851
2120,0.1017260029911995,0.10414110124111176
2140,0.10438314080238342,0.10501232743263245
2160,0.10601340979337692,0.10194852948188782
2180,0.10070695728063583,0.10364992171525955
2200,0.09945296496152878,0.10430283844470978
2220,0.09981458634138107,0.10351596027612686
2240,0.09823805093765259,0.10117881000041962
2260,0.0998498946428299,0.10943423211574554
2280,0.1081826388835907,0.09956091642379761
2300,0.09871911257505417,0.10551130771636963
2320,0.10021563619375229,0.09757611155509949
2340,0.0961369201540947,0.09983199834823608
2360,0.09867395460605621,0.09825600683689117
2380,0.10423172265291214,0.10124964267015457
2400,0.09660255908966064,0.09678572416305542
2420,0.09921874105930328,0.09797880798578262
2440,0.09654800593852997,0.09820163249969482
2460,0.09645824879407883,0.09766103327274323
2480,0.09537659585475922,0.09785223007202148
2500,0.09638077020645142,0.10167612135410309
2520,0.09867845475673676,0.10343502461910248
2540,0.09725760668516159,0.09971421211957932
2560,0.09976565092802048,0.10076271742582321
2580,0.09722017496824265,0.09774905443191528
2600,0.09699051827192307,0.09662478417158127
2620,0.0970713198184967,0.09699064493179321
2640,0.09610217809677124,0.09599753469228745
2660,0.09562792629003525,0.09878882020711899
2680,0.09465263783931732,0.09413225948810577
2700,0.09805328398942947,0.09480857849121094
2720,0.09408355504274368,0.0959160178899765
2740,0.09486700594425201,0.09297195822000504
2760,0.09450085461139679,0.10051430016756058
2780,0.09661499410867691,0.09839162975549698
2800,0.09101779013872147,0.09445689618587494
2820,0.09869211167097092,0.09593901038169861
2840,0.09499640017747879,0.092572882771492
2860,0.09937755763530731,0.09646569192409515
2880,0.0938168317079544,0.09214526414871216
2900,0.09312128275632858,0.0997370183467865
2920,0.09475302696228027,0.09503073990345001
2940,0.09973721206188202,0.0922590047121048
2960,0.0953717902302742,0.09475786983966827
2980,0.09195438027381897,0.09689509868621826
3000,0.09207793325185776,0.09397955238819122
3020,0.09209686517715454,0.09249924123287201
3040,0.09388336539268494,0.09574630856513977
3060,0.0917586162686348,0.09487093240022659
3080,0.09695117175579071,0.0945344865322113
3100,0.09105371683835983,0.09827713668346405
3120,0.09337539225816727,0.0962250828742981
3140,0.09049756079912186,0.0938221663236618
3160,0.09160394966602325,0.10046994686126709
3180,0.08760449290275574,0.09428486227989197
3200,0.09078250080347061,0.093058742582798
3220,0.0926687940955162,0.09014378488063812
3240,0.09257623553276062,0.09022335708141327
3260,0.08936326205730438,0.09245026111602783
3280,0.09357636421918869,0.09119928628206253
3300,0.08945237845182419,0.09792498499155045
3320,0.09174814075231552,0.08912231028079987
3340,0.09090422838926315,0.08937294781208038
3360,0.09815563261508942,0.09403184801340103
3380,0.09322930127382278,0.09118778258562088
3400,0.08996373414993286,0.08931508660316467
3420,0.08765123039484024,0.09052815288305283
3440,0.09226136654615402,0.09085546433925629
3460,0.08955544233322144,0.08711764216423035
3480,0.08848399668931961,0.09028489887714386
3500,0.09059812873601913,0.08997710794210434
3520,0.08991129696369171,0.09138039499521255
3540,0.08942287415266037,0.08869926631450653
3560,0.08891783654689789,0.09667608141899109
3580,0.09152419120073318,0.09858229756355286
3600,0.0893569067120552,0.08949900418519974
3620,0.08923106640577316,0.08980999886989594
3640,0.09043540060520172,0.09006620943546295
3660,0.09580438584089279,0.08930756896734238
3680,0.09318672865629196,0.08967747539281845
3700,0.08674507588148117,0.09034914523363113
3720,0.08616907894611359,0.09149552881717682
3740,0.0876065343618393,0.09576687216758728
3760,0.0899076759815216,0.08748994022607803
3780,0.09178599715232849,0.0860409140586853
3800,0.08597235381603241,0.09043066948652267
3820,0.08736969530582428,0.08846618235111237
3840,0.08653261512517929,0.08962774276733398
3860,0.08536363393068314,0.08836957812309265
3880,0.0859026238322258,0.08953630924224854
3900,0.08666656911373138,0.08881993591785431
3920,0.08948946744203568,0.0909011960029602
3940,0.08630509674549103,0.08790896832942963
3960,0.08591663092374802,0.09571763128042221
3980,0.08372501283884048,0.08526822924613953
4000,0.08748789876699448,0.08674013614654541
4020,0.08580552041530609,0.08629288524389267
4040,0.08460155874490738,0.09227950870990753
4060,0.08352943509817123,0.08984709531068802
4080,0.0878196433186531,0.08573514968156815
4100,0.08478637784719467,0.08605031669139862
4120,0.08856382966041565,0.08908436447381973
4140,0.08433439582586288,0.0857902318239212
4160,0.08443108946084976,0.08902629464864731
4180,0.08460144698619843,0.09195645153522491
4200,0.08535834401845932,0.09445969760417938
4220,0.0821244865655899,0.08767625689506531
4240,0.08407474309206009,0.08944371342658997
4260,0.0885821282863617,0.08952496945858002
4280,0.08294609189033508,0.09076100587844849
4300,0.08364088088274002,0.0876900851726532
4320,0.08292330056428909,0.08444981276988983
4340,0.08373845368623734,0.08390961587429047
4360,0.0839712992310524,0.0870879590511322
4380,0.08327188342809677,0.08311902731657028
4400,0.08463384211063385,0.08472393453121185
4420,0.0816173404455185,0.08335097134113312
4440,0.08057493716478348,0.08506154268980026
4460,0.08154227584600449,0.08715388923883438
4480,0.08655064553022385,0.08271096646785736
4500,0.08551198989152908,0.08355787396430969
4520,0.08239644020795822,0.08646994829177856
4540,0.08281863480806351,0.08580391108989716
4560,0.08392569422721863,0.08223044872283936
4580,0.08381802588701248,0.0828871876001358
4600,0.08655185997486115,0.08524760603904724
4620,0.08392664045095444,0.08267323672771454
4640,0.0809381753206253,0.09320509433746338
4660,0.08162613213062286,0.08200904726982117
4680,0.08159114420413971,0.0849369466304779
4700,0.08184774965047836,0.08112053573131561
4720,0.08168791234493256,0.08171907067298889
4740,0.08067025989294052,0.081053726375103
4760,0.07925678044557571,0.08255360275506973
4780,0.08121833205223083,0.08130355924367905
4800,0.08078932017087936,0.08180665224790573
4820,0.08391451090574265,0.08681177347898483
4840,0.0789530798792839,0.08173274248838425
4860,0.08186446130275726,0.08504372090101242
4880,0.07856499403715134,0.0857594832777977
4900,0.079594686627388,0.08035027980804443
4920,0.07795882225036621,0.088773213326931
4940,0.08180557936429977,0.08317440748214722
4960,0.0772552490234375,0.08487321436405182
4980,0.07989314943552017,0.08038341253995895
5000,0.08280322700738907,0.07971414923667908
5020,0.08074094355106354,0.08838867396116257
5040,0.07996399700641632,0.08407270908355713
5060,0.08252086490392685,0.08086929470300674
5080,0.08770829439163208,0.08649000525474548
5100,0.07938595861196518,0.08436668664216995
5120,0.08173330128192902,0.08023366332054138
5140,0.08178005367517471,0.08473701030015945
5160,0.08317796140909195,0.08703066408634186
5180,0.0774650052189827,0.09480229765176773
5200,0.08053018897771835,0.08113539218902588
5220,0.07798893749713898,0.08243036270141602
5240,0.08231541514396667,0.08331073820590973
5260,0.07882755249738693,0.07861575484275818
5280,0.0824340283870697,0.0811302587389946
5300,0.07999104261398315,0.0803513452410698
5320,0.07946111261844635,0.07893940061330795
5340,0.07772306352853775,0.08245108276605606
5360,0.07733501493930817,0.08184421062469482
5380,0.07669643312692642,0.08248236030340195
5400,0.0834013968706131,0.08626551926136017
5420,0.08013631403446198,0.0795929804444313
5440,0.07833857834339142,0.08056030422449112
5460,0.07610437273979187,0.08108912408351898
5480,0.07911662757396698,0.07834562659263611
5500,0.07962657511234283,0.07996422052383423
5520,0.07811900973320007,0.07827185839414597
5540,0.07710759341716766,0.0807402953505516
5560,0.07597261667251587,0.07983222603797913
5580,0.07746065407991409,0.08196639269590378
5600,0.07831654697656631,0.07877399027347565
5620,0.07849211245775223,0.07981439679861069
5640,0.07610546052455902,0.08061657845973969
5660,0.076641745865345,0.0820140391588211
5680,0.08040698617696762,0.0811450257897377
5700,0.07971440255641937,0.07949098944664001
5720,0.0762830525636673,0.07909324765205383
5740,0.0781979039311409,0.07863739132881165
5760,0.07954517006874084,0.07928232103586197
5780,0.07562804222106934,0.07893692702054977
5800,0.07937715202569962,0.08236951380968094
5820,0.07968151569366455,0.0786881223320961
5840,0.07830862700939178,0.07999612390995026
5860,0.07748768478631973,0.07858549058437347
5880,0.07814208418130875,0.08238835632801056
5900,0.08265256881713867,0.07711242139339447
5920,0.07763246446847916,0.07860127091407776
5940,0.07392968982458115,0.07773496210575104
5960,0.07716239988803864,0.07767000049352646
5980,0.07869400084018707,0.0778307393193245
6000,0.07797452062368393,0.07894454151391983
6020,0.07752039283514023,0.07813558727502823
6040,0.07673173397779465,0.07916271686553955
6060,0.07697949558496475,0.07962708175182343
6080,0.07729004323482513,0.08623046427965164
6100,0.07503239065408707,0.07695144414901733
6120,0.07820531725883484,0.07726409286260605
6140,0.07524075359106064,0.07829521596431732
6160,0.07932901382446289,0.07689344882965088
6180,0.07664108276367188,0.07726813107728958
6200,0.07776300609111786,0.08404452353715897
6220,0.07948444038629532,0.0782414898276329
6240,0.07841586321592331,0.0803147703409195
6260,0.07670760899782181,0.07818463444709778
6280,0.07452140003442764,0.07804349064826965
6300,0.07624819129705429,0.07634054124355316
6320,0.07551468163728714,0.07673526555299759
6340,0.07698475569486618,0.07618597149848938
6360,0.07638540118932724,0.07860109955072403
6380,0.07546484470367432,0.0819224938750267
6400,0.0778416097164154,0.07823452353477478
6420,0.07392100989818573,0.07856859266757965
6440,0.07530276477336884,0.07943674921989441
6460,0.07531680166721344,0.07858521491289139
6480,0.07627640664577484,0.0787694975733757
6500,0.07391031086444855,0.07604161649942398
6520,0.07962679117918015,0.07771385461091995
6540,0.0741715282201767,0.07798849046230316
6560,0.07547096908092499,0.0775860995054245
6580,0.07471243292093277,0.07769118249416351
6600,0.07843413203954697,0.07717632502317429
6620,0.07867066562175751,0.07792777568101883
6640,0.07522566616535187,0.07767509669065475
6660,0.07433585822582245,0.07792933285236359
6680,0.07362023741006851,0.0745575949549675
6700,0.07360214740037918,0.07633413374423981
6720,0.07401364296674728,0.07489298284053802
6740,0.07312935590744019,0.0841343104839325
6760,0.07505311816930771,0.074803426861763
6780,0.07400792092084885,0.07787009328603745
6800,0.07537509500980377,0.07686091959476471
6820,0.0770418718457222,0.07512230426073074
6840,0.07166127115488052,0.0746755450963974
6860,0.07543255388736725,0.07625734806060791
6880,0.07666369527578354,0.07630740851163864
6900,0.07318436354398727,0.07414282113313675
6920,0.07481089234352112,0.07427844405174255
6940,0.0721941888332367,0.07758039236068726
6960,0.07539032399654388,0.07630528509616852
6980,0.0749586820602417,0.0776735320687294
7000,0.07592911273241043,0.0878787562251091
7020,0.07744024693965912,0.07534319907426834
7040,0.07564090192317963,0.07573128491640091
7060,0.07986177504062653,0.08510687202215195
7080,0.07390829175710678,0.07806572318077087
7100,0.07307981699705124,0.07321379333734512
7120,0.07525575906038284,0.07581250369548798
7140,0.07134690135717392,0.07608529925346375
7160,0.07196393609046936,0.07539181411266327
7180,0.07419080287218094,0.07318346202373505
7200,0.07286351174116135,0.07400232553482056
7220,0.07207679003477097,0.07648700475692749
7240,0.07333874702453613,0.07542086392641068
7260,0.07299249619245529,0.07855173945426941
7280,0.07394880801439285,0.07382384687662125
7300,0.0723748654127121,0.07314641773700714
7320,0.07636871933937073,0.07422521710395813
7340,0.07237868010997772,0.07471286505460739
7360,0.07406595349311829,0.07778951525688171
7380,0.0758252665400505,0.08157167583703995
7400,0.07092923671007156,0.07459579408168793
7420,0.07473915815353394,0.07591067999601364
7440,0.07622389495372772,0.07345149666070938
7460,0.068209208548069,0.07593431323766708
7480,0.07405868917703629,0.07363024353981018
7500,0.07159575074911118,0.07316423952579498
7520,0.07333322614431381,0.07914067804813385
7540,0.0700555294752121,0.07410625368356705
7560,0.07752448320388794,0.07680308073759079
7580,0.07309891283512115,0.07543449103832245
7600,0.0724683478474617,0.0723356306552887
7620,0.07068601250648499,0.07365837693214417
7640,0.07230812311172485,0.0766424611210823
7660,0.07303666323423386,0.07836449146270752
7680,0.07287157326936722,0.07531699538230896
7700,0.0726405531167984,0.07416476309299469
7720,0.07150357216596603,0.0759548470377922
7740,0.0753406435251236,0.07404684275388718
7760,0.07211342453956604,0.07328606396913528
7780,0.07231707125902176,0.07590320706367493
7800,0.07149986177682877,0.07620919495820999
7820,0.06964045763015747,0.07495389133691788
7840,0.0720968171954155,0.0828406885266304
7860,0.07275549322366714,0.07576625794172287
7880,0.07148043066263199,0.07388455420732498
7900,0.0723041296005249,0.07367603480815887
7920,0.07287102937698364,0.07659181952476501
7940,0.07025550305843353,0.07244585454463959
7960,0.07100269198417664,0.07684266567230225
7980,0.0741039589047432,0.0737481415271759
8000,0.07297328859567642,0.07256342470645905
8020,0.07066085189580917,0.07258103042840958
8040,0.07013531029224396,0.07793326675891876
8060,0.0709804967045784,0.07189229875802994
8080,0.07199389487504959,0.07730895280838013
8100,0.07104098796844482,0.07411915808916092
8120,0.07153872400522232,0.07468374073505402
8140,0.07518924027681351,0.07250411808490753
8160,0.06970787048339844,0.07305777072906494
8180,0.0721554085612297,0.07407602667808533
8200,0.0680314302444458,0.07365970313549042
8220,0.07368764281272888,0.07269438356161118
8240,0.07050658762454987,0.07240249216556549
8260,0.07114962488412857,0.0712311714887619
8280,0.0710226371884346,0.07653282582759857
8300,0.06996803730726242,0.0723595917224884
8320,0.07037758082151413,0.07160521298646927
8340,0.07108259946107864,0.07257936894893646
8360,0.07277126610279083,0.0738084614276886
8380,0.06963132321834564,0.07158870995044708
8400,0.07125140726566315,0.0727274939417839
8420,0.0705370083451271,0.0714857205748558
8440,0.07183092087507248,0.0701601579785347
8460,0.06891915947198868,0.07128842175006866
8480,0.06871404498815536,0.0748334527015686
8500,0.07286767661571503,0.0758693590760231
8520,0.07698342204093933,0.07425238192081451
8540,0.07066220790147781,0.07304886728525162
8560,0.07347557693719864,0.07135920226573944
8580,0.0729442611336708,0.0792122632265091
8600,0.07012072950601578,0.07218045741319656
8620,0.0728263258934021,0.07025861740112305
8640,0.06990189105272293,0.07221752405166626
8660,0.0691482350230217,0.07239806652069092
8680,0.07110384106636047,0.07177530974149704
8700,0.0726034864783287,0.07110266387462616
8720,0.06974954903125763,0.07598266005516052
8740,0.07112044095993042,0.07343291491270065
8760,0.07107193768024445,0.07269387692213058
8780,0.06927284598350525,0.07158884406089783
8800,0.07005084306001663,0.07456326484680176
8820,0.07113184034824371,0.0712757557630539
8840,0.06997796148061752,0.07244057953357697
8860,0.07058438658714294,0.07584594935178757
8880,0.06923598051071167,0.07375006377696991
8900,0.06903780251741409,0.07143386453390121
8920,0.06788191199302673,0.07134981453418732
8940,0.06724681705236435,0.0723179280757904
8960,0.06794299930334091,0.07124834507703781
8980,0.069914810359478,0.07438001781702042
9000,0.07055965065956116,0.07076413929462433
9020,0.06832262128591537,0.07227896898984909
9040,0.06966155767440796,0.07198897004127502
9060,0.06958825886249542,0.07775618880987167
9080,0.07119866460561752,0.07285758852958679
9100,0.06872810423374176,0.07414151728153229
9120,0.0698748379945755,0.07188433408737183
9140,0.07154145836830139,0.07354936003684998
9160,0.06923792511224747,0.07341191172599792
9180,0.06852343678474426,0.07567621022462845
9200,0.07261762022972107,0.07225970923900604
9220,0.0715947300195694,0.07153788208961487
9240,0.07067588716745377,0.07036222517490387
9260,0.07046346366405487,0.07394473254680634
9280,0.06988532841205597,0.0706493929028511
9300,0.06875944137573242,0.07121064513921738
9320,0.06687908619642258,0.07466547191143036
9340,0.07013858109712601,0.07056272774934769
9360,0.06886571645736694,0.07157173752784729
9380,0.07224812358617783,0.07013906538486481
9400,0.06795019656419754,0.0733092874288559
9420,0.07308690249919891,0.07437505573034286
9440,0.06735370308160782,0.07102880626916885
9460,0.06774432212114334,0.06937151402235031
9480,0.06953179091215134,0.07226812094449997
9500,0.06754962354898453,0.06985070556402206
9520,0.06706221401691437,0.07292556017637253
9540,0.06773445755243301,0.07342797517776489
9560,0.06679222732782364,0.06970791518688202
9580,0.06666583567857742,0.06960128247737885
9600,0.06984521448612213,0.07090471684932709
9620,0.06970707327127457,0.07016807794570923
9640,0.0694987028837204,0.07271641492843628
9660,0.07086313515901566,0.07053384184837341
9680,0.06670862436294556,0.07027306407690048
9700,0.06914854794740677,0.07335206866264343
9720,0.0671202540397644,0.07163946330547333
9740,0.06986581534147263,0.0698590949177742
9760,0.06708483397960663,0.0723816454410553
9780,0.06749945133924484,0.06977890431880951
9800,0.06717346608638763,0.07271202653646469
9820,0.06592163443565369,0.06882267445325851
9840,0.07122937589883804,0.07498584687709808
9860,0.06862540543079376,0.06995520740747452
9880,0.06750716269016266,0.07012254744768143
9900,0.07071956247091293,0.07048819959163666
9920,0.06837457418441772,0.07096832990646362
9940,0.07011546939611435,0.07222765684127808
9960,0.07119958102703094,0.0773693174123764
9980,0.06855017691850662,0.07122664898633957
10000,0.06606270372867584,0.07302909344434738
10020,0.06716809421777725,0.06949935853481293
10040,0.06970561295747757,0.07153583317995071
10060,0.06725580245256424,0.07424555718898773
10080,0.06766422837972641,0.06984010338783264
10100,0.06691662967205048,0.06988539546728134
10120,0.06682434678077698,0.06934557110071182
10140,0.06627915799617767,0.06915237009525299
10160,0.06884267181158066,0.06909658014774323
10180,0.06733982264995575,0.06980125606060028
10200,0.06861937791109085,0.07278929650783539
10220,0.06991046667098999,0.0730057805776596
10240,0.06814581900835037,0.06938010454177856
10260,0.06606035679578781,0.06789876520633698
10280,0.06560186296701431,0.06939797848463058
10300,0.06471149623394012,0.07021437585353851
10320,0.07063068449497223,0.07455609738826752
10340,0.06805791705846786,0.0689736008644104
10360,0.06974754482507706,0.07036550343036652
10380,0.06689760088920593,0.06977158784866333
10400,0.06884467601776123,0.0697903037071228
10420,0.06458839774131775,0.06989332288503647
10440,0.06570077687501907,0.07272349298000336
10460,0.06576220691204071,0.06768301874399185
10480,0.06753790378570557,0.06907998025417328
10500,0.06891133636236191,0.07161974161863327
10520,0.06576019525527954,0.0689602643251419
10540,0.06762397289276123,0.07028315961360931
10560,0.07109495997428894,0.06825559586286545
10580,0.06844310462474823,0.07075875252485275
10600,0.06655925512313843,0.07109062373638153
10620,0.06575664132833481,0.07435594499111176
10640,0.0657348483800888,0.07103200256824493
10660,0.06810132414102554,0.07178238034248352
10680,0.06479707360267639,0.06853919476270676
10700,0.06966948509216309,0.06780198961496353
10720,0.06867048889398575,0.06956817209720612
10740,0.06986763328313828,0.06935010105371475
10760,0.06631457060575485,0.06958599388599396
10780,0.06680683046579361,0.06965036690235138
10800,0.06519991904497147,0.06835588067770004
10820,0.06760190427303314,0.06851259618997574
10840,0.06540942937135696,0.06917133182287216
10860,0.06585122644901276,0.06836850196123123
10880,0.06580690294504166,0.06936019659042358
10900,0.06533315032720566,0.06771940737962723
10920,0.06570916622877121,0.06824199855327606
10940,0.06816574186086655,0.06822186708450317
10960,0.06621231138706207,0.07193318754434586
10980,0.06968844681978226,0.07118059694766998
11000,0.07171144336462021,0.06827545911073685
11020,0.06915915757417679,0.06804066896438599
11040,0.06581147760152817,0.0694984644651413
11060,0.06344759464263916,0.06896594911813736
11080,0.06277274340391159,0.068241186439991
11100,0.0675901249051094,0.07033420354127884
11120,0.06672803312540054,0.06731292605400085
11140,0.0681292787194252,0.07037295401096344
11160,0.06596103310585022,0.06845161318778992
11180,0.06428197771310806,0.0667249783873558
11200,0.06534091383218765,0.06876274943351746
11220,0.06752552837133408,0.06776005774736404
11240,0.06768258661031723,0.07392814755439758
11260,0.07038770616054535,0.07179876416921616
11280,0.06421366333961487,0.07197284698486328
11300,0.06541652232408524,0.0677274689078331
11320,0.06473677605390549,0.0676228404045105
11340,0.0650809109210968,0.0667794942855835
11360,0.06386236101388931,0.06631053239107132
11380,0.06458340585231781,0.06688224524259567
11400,0.06323850899934769,0.06643866747617722
11420,0.06627320498228073,0.0669785588979721
11440,0.06878799200057983,0.0761658176779747
11460,0.06338781118392944,0.06887069344520569
11480,0.06896663457155228,0.06825271248817444
11500,0.06778660416603088,0.0676104798913002
11520,0.06403210759162903,0.06704896688461304
11540,0.06359860301017761,0.06949808448553085
11560,0.0642019510269165,0.06917023658752441
11580,0.06355992704629898,0.07104542851448059
11600,0.06469544023275375,0.0686233788728714
11620,0.06659411638975143,0.06802122294902802
11640,0.06633908301591873,0.06798816472291946
11660,0.06477339565753937,0.07152226567268372
11680,0.06744915246963501,0.06851990520954132
11700,0.06501047313213348,0.06789562106132507
11720,0.06327077746391296,0.06766489148139954
11740,0.06571181863546371,0.0665569007396698
11760,0.06652923673391342,0.06620287895202637
11780,0.06536122411489487,0.0688786581158638
11800,0.06724365055561066,0.07183326780796051
11820,0.06634008884429932,0.0731552243232727
11840,0.06328688561916351,0.06825446337461472
11860,0.06449498236179352,0.066013403236866
11880,0.06677401810884476,0.06611694395542145
11900,0.06461624801158905,0.0700918510556221
11920,0.06791268289089203,0.06724701821804047
11940,0.06383135169744492,0.06840093433856964
11960,0.06682461500167847,0.06741447001695633
11980,0.06507724523544312,0.07119239866733551
12000,0.06468797475099564,0.0692460834980011
12020,0.06806844472885132,0.06731349974870682
12040,0.06311969459056854,0.06726730614900589
12060,0.06544391065835953,0.06951788812875748
12080,0.06484807282686234,0.06895190477371216
12100,0.06378833204507828,0.06551576405763626
12120,0.06390945613384247,0.07006421685218811
12140,0.07039496302604675,0.0698329359292984
12160,0.06701646745204926,0.06729505956172943
12180,0.06418324261903763,0.06619861721992493
12200,0.06475377082824707,0.06984226405620575
12220,0.0648590624332428,0.06770210713148117
12240,0.06241343542933464,0.0662490725517273
12260,0.06267169117927551,0.06767652183771133
12280,0.06658113747835159,0.0678848996758461
12300,0.064573273062706,0.06881523877382278
12320,0.06192690506577492,0.06913752853870392
12340,0.06508108973503113,0.06658953428268433
12360,0.0637674331665039,0.06969931721687317
12380,0.06583234667778015,0.07072724401950836
12400,0.06399639695882797,0.06943293660879135
12420,0.06231807917356491,0.06972826272249222
12440,0.06275210529565811,0.06691616773605347
12460,0.06545155495405197,0.06847666949033737
12480,0.06309106200933456,0.06831317394971848
12500,0.06432570517063141,0.06640957295894623
12520,0.0624273344874382,0.06543180346488953
12540,0.06709995120763779,0.06722690165042877
12560,0.06426209211349487,0.06626004725694656
12580,0.06104522943496704,0.07040421664714813
12600,0.06355075538158417,0.06781360507011414
12620,0.06540516018867493,0.06801548600196838
12640,0.06375052034854889,0.0675654411315918
12660,0.061079803854227066,0.06911004334688187
12680,0.06350357830524445,0.06488441675901413
12700,0.06388819217681885,0.06793301552534103
12720,0.06542657315731049,0.07148034125566483
12740,0.06507360190153122,0.06501168012619019
12760,0.06307930499315262,0.06598562747240067
12780,0.06309161335229874,0.06859919428825378
12800,0.06808925420045853,0.06823901832103729
12820,0.06415549665689468,0.06674866378307343
12840,0.06490014493465424,0.06519165635108948
12860,0.061804626137018204,0.07033433020114899
12880,0.06625693291425705,0.06724762916564941
12900,0.06326831132173538,0.06622058153152466
12920,0.062293827533721924,0.06910166889429092
12940,0.06423179060220718,0.0668359249830246
12960,0.06520017236471176,0.06783705949783325
12980,0.06291154772043228,0.06662587076425552
13000,0.06507299095392227,0.06777805089950562
13020,0.06235164403915405,0.06954405456781387
13040,0.0633741021156311,0.07165805995464325
13060,0.06579599529504776,0.06566467136144638
13080,0.06279384344816208,0.0669122263789177
13100,0.06719132512807846,0.06731589138507843
13120,0.06334175914525986,0.06602055579423904
13140,0.06438333541154861,0.06486077606678009
13160,0.06565581262111664,0.06810712069272995
13180,0.0640803873538971,0.06577078998088837
13200,0.06376489996910095,0.06587661802768707
13220,0.06460598856210709,0.06943800300359726
13240,0.06109056994318962,0.0760708600282669
13260,0.0670466497540474,0.0756034404039383
13280,0.06481320410966873,0.0692896619439125
13300,0.0646398738026619,0.06532356888055801
13320,0.06368302553892136,0.0675080344080925
13340,0.06350163370370865,0.06544788181781769
13360,0.06394119560718536,0.06680083274841309
13380,0.06194344535470009,0.06587082892656326
13400,0.06503798067569733,0.06566289812326431
13420,0.0648689791560173,0.06424911320209503
13440,0.06317295134067535,0.06567946076393127
13460,0.0646481066942215,0.06574343144893646
13480,0.06181755289435387,0.06738356500864029
13500,0.06399217247962952,0.06658603250980377
13520,0.06252629309892654,0.067588210105896
13540,0.06389167904853821,0.06941678375005722
13560,0.06401771306991577,0.07203806936740875
13580,0.061545029282569885,0.06397851556539536
13600,0.06280730664730072,0.06641583144664764
13620,0.06413260102272034,0.0655311644077301
13640,0.06379848718643188,0.06617754697799683
13660,0.0614699125289917,0.067391037940979
13680,0.06271402537822723,0.06436209380626678
13700,0.062076494097709656,0.06654934585094452
13720,0.061297398060560226,0.06567911803722382
13740,0.06611230224370956,0.06417514383792877
13760,0.06374391168355942,0.0687059536576271
13780,0.06730102747678757,0.06670337170362473
13800,0.0636463388800621,0.06469449400901794
13820,0.06379034370183945,0.06399492919445038
13840,0.06290094554424286,0.06598460674285889
13860,0.06186459958553314,0.06633349508047104
13880,0.06349606066942215,0.06559189409017563
13900,0.06281020492315292,0.065231554210186
13920,0.06190244108438492,0.06489288806915283
13940,0.0654703751206398,0.07322729378938675
13960,0.06179945543408394,0.06451267749071121
13980,0.06303513795137405,0.07033148407936096
14000,0.06148993596434593,0.06622463464736938
14020,0.06219400092959404,0.06628928333520889
14040,0.06342707574367523,0.06790703535079956
14060,0.060817901045084,0.06786143779754639
14080,0.06526993215084076,0.06503662467002869
14100,0.06468828022480011,0.06453649699687958
14120,0.06368096172809601,0.0657360702753067
14140,0.06043895334005356,0.06462929397821426
14160,0.06278809159994125,0.06423730403184891
14180,0.06321881711483002,0.06498491764068604
14200,0.06055762618780136,0.06478539109230042
14220,0.059745967388153076,0.06487229466438293
14240,0.0631207749247551,0.06379613280296326
14260,0.06173229590058327,0.06684712320566177
14280,0.06062979996204376,0.06563566625118256
14300,0.06166411563754082,0.06472450494766235
14320,0.06081049144268036,0.06402672827243805
14340,0.06229923292994499,0.06638114154338837
14360,0.062085703015327454,0.0678337961435318
14380,0.06344083696603775,0.06525538861751556
14400,0.06260276585817337,0.06741537153720856
14420,0.06504826992750168,0.06915999203920364
14440,0.06278996169567108,0.06616348028182983
14460,0.060542311519384384,0.06605282425880432
14480,0.06247472018003464,0.06552916020154953
14500,0.06076217070221901,0.07024852186441422
14520,0.062363673001527786,0.06385800987482071
14540,0.06418689340353012,0.06449013948440552
14560,0.06288246810436249,0.06518911570310593
14580,0.05922999233007431,0.0671502947807312
14600,0.06060360372066498,0.06393833458423615
14620,0.06277155131101608,0.06573932617902756
14640,0.06168244406580925,0.06388306617736816
14660,0.06078336015343666,0.06433512270450592
14680,0.0610930509865284,0.06564348936080933
14700,0.06166348233819008,0.06440283358097076
14720,0.061307940632104874,0.06384967267513275
14740,0.060836076736450195,0.06781823933124542
14760,0.06282076984643936,0.06603185832500458
14780,0.06405694782733917,0.06461042165756226
14800,0.06057478487491608,0.06405173242092133
14820,0.059759341180324554,0.06385412067174911
14840,0.05865834280848503,0.06402557343244553
14860,0.06022126227617264,0.06437796354293823
14880,0.061222683638334274,0.06796423345804214
14900,0.06318200379610062,0.0651242658495903
14920,0.05911337211728096,0.06479324400424957
14940,0.062002796679735184,0.0649905577301979
14960,0.0624544620513916,0.06369062513113022
14980,0.06165552884340286,0.06556251645088196
15000,0.060974810272455215,0.06432396918535233
15020,0.06345804780721664,0.06474066525697708
15040,0.06284985691308975,0.06432846933603287
15060,0.060608670115470886,0.06319182366132736
15080,0.0625763013958931,0.06582973897457123
15100,0.06092742830514908,0.06716941297054291
15120,0.06061019003391266,0.0658235251903534
15140,0.061702195554971695,0.06541398912668228
15160,0.062298793345689774,0.06491966545581818
15180,0.06113926321268082,0.06872738897800446
15200,0.06171485036611557,0.06363829970359802
15220,0.0596681609749794,0.06318391114473343
15240,0.061071377247571945,0.06585603952407837
15260,0.06155216693878174,0.0655350536108017
15280,0.06125924363732338,0.06440017372369766
15300,0.06214310601353645,0.06359875947237015
15320,0.06293206661939621,0.06385581195354462
15340,0.06048377603292465,0.06235071271657944
15360,0.05978190898895264,0.07008616626262665
15380,0.061301928013563156,0.06267556548118591
15400,0.062125787138938904,0.06700579822063446
15420,0.05880502611398697,0.06603308767080307
15440,0.060495998710393906,0.06343497335910797
15460,0.06182296201586723,0.06337325274944305
15480,0.061019860208034515,0.06409814208745956
15500,0.0617855042219162,0.06497985869646072
15520,0.06116853654384613,0.0639483779668808
15540,0.06062672659754753,0.06459932774305344
15560,0.06150566041469574,0.06636134535074234
15580,0.060892943292856216,0.06425950676202774
15600,0.05823151767253876,0.0638500452041626
15620,0.06151727959513664,0.06282366067171097
15640,0.061172306537628174,0.06729652732610703
15660,0.06414737552404404,0.06709696352481842
15680,0.06106116250157356,0.0632205605506897
15700,0.05853456258773804,0.06469374150037766
15720,0.0620567686855793,0.06710908561944962
15740,0.0626785084605217,0.06401718407869339
15760,0.061137206852436066,0.06537333875894547
15780,0.06222875788807869,0.06502310931682587
15800,0.06414952129125595,0.06494288891553879
15820,0.059331752359867096,0.06818635761737823
15840,0.060508616268634796,0.0656047984957695
15860,0.060569118708372116,0.06416374444961548
15880,0.06158638745546341,0.06385233998298645
15900,0.0609438419342041,0.06401996314525604
15920,0.06032293289899826,0.06616545468568802
15940,0.0608624592423439,0.063038170337677
15960,0.05816153809428215,0.06421573460102081
15980,0.06338296830654144,0.06576938182115555
16000,0.05987163260579109,0.06293099373579025
16020,0.059941366314888,0.06439799070358276
16040,0.06127406284213066,0.06546296924352646
16060,0.05941909924149513,0.06312375515699387
16080,0.06050166115164757,0.06755568832159042
16100,0.059973955154418945,0.06442220509052277
16120,0.060287583619356155,0.06364850699901581
16140,0.06047986075282097,0.06304388493299484
16160,0.05994017794728279,0.06591702252626419
16180,0.059302013367414474,0.06328257918357849
16200,0.06257611513137817,0.06495177000761032
16220,0.05989497900009155,0.06704872846603394
16240,0.06402188539505005,0.06417414546012878
16260,0.056941885501146317,0.06392407417297363
16280,0.058772873133420944,0.0650712326169014
16300,0.059887345880270004,0.06633197516202927
16320,0.06037752702832222,0.06839287281036377
16340,0.06000899896025658,0.0643063634634018
16360,0.05919733643531799,0.06384637951850891
16380,0.05978941172361374,0.06426218152046204
16400,0.061272032558918,0.06482676416635513
16420,0.05840137600898743,0.06555633246898651
16440,0.05936435982584953,0.06228635832667351
16460,0.06011287122964859,0.06379595398902893
16480,0.05700403079390526,0.06543293595314026
16500,0.06113895773887634,0.0627574771642685
16520,0.05848846957087517,0.06492742151021957
16540,0.059169139713048935,0.06557932496070862
16560,0.06086253002285957,0.06435242295265198
16580,0.06114023178815842,0.0641455426812172
16600,0.057896051555871964,0.06519794464111328
16620,0.062170617282390594,0.07020888477563858
16640,0.06224830448627472,0.06338617205619812
16660,0.058267757296562195,0.06634927541017532
16680,0.05878638103604317,0.0655253678560257
16700,0.06389661133289337,0.06354916095733643
16720,0.061310064047575,0.06510451436042786
16740,0.05920005217194557,0.06284575164318085
16760,0.05971115827560425,0.062374383211135864
16780,0.057934705168008804,0.06288366764783859
16800,0.05875592306256294,0.06233655661344528
16820,0.059053756296634674,0.06268446892499924
16840,0.05919565632939339,0.0657493993639946
16860,0.06173745170235634,0.06314174085855484
16880,0.06009203940629959,0.06474902480840683
16900,0.057020753622055054,0.06288859248161316
16920,0.059574615210294724,0.0639144778251648
16940,0.06178594380617142,0.06540313363075256
16960,0.05802334472537041,0.06408260017633438
16980,0.0589955635368824,0.061499107629060745
17000,0.059684839099645615,0.06308016180992126
17020,0.057548440992832184,0.06280798465013504
17040,0.058956295251846313,0.06390638649463654
17060,0.05937011539936066,0.0645349994301796
17080,0.05874984338879585,0.06156157702207565
17100,0.06134864315390587,0.06344548612833023
17120,0.06208689138293266,0.06488418579101562
17140,0.06043603643774986,0.06192450597882271
17160,0.060065921396017075,0.06484923511743546
17180,0.060044702142477036,0.06773024797439575
17200,0.06060819327831268,0.06686373054981232
17220,0.06112442538142204,0.062105629593133926
17240,0.056434810161590576,0.0627329871058464
17260,0.060096580535173416,0.0658983588218689
17280,0.05805525183677673,0.06404381990432739
17300,0.05643673986196518,0.06228188797831535
17320,0.058030009269714355,0.062006693333387375
17340,0.05754738673567772,0.06489207595586777
17360,0.05924542620778084,0.06195216625928879
17380,0.060071367770433426,0.06351179629564285
17400,0.0580626018345356,0.0632767304778099
17420,0.05704241618514061,0.06267391890287399
17440,0.05914124473929405,0.06343821436166763
17460,0.05676675960421562,0.06309059262275696
17480,0.056737542152404785,0.0641300305724144
17500,0.05849548801779747,0.06377371400594711
17520,0.06227096915245056,0.06383123248815536
17540,0.060635484755039215,0.06192554906010628
17560,0.06020922213792801,0.06315544992685318
17580,0.056550148874521255,0.06166423484683037
17600,0.05807098001241684,0.06145750358700752
17620,0.06178790703415871,0.0637243390083313
17640,0.05782540515065193,0.06539700925350189
17660,0.059464260935783386,0.06098899245262146
17680,0.055865444242954254,0.06267155706882477
17700,0.0592893622815609,0.06192441284656525
17720,0.05801244452595711,0.06165438890457153
17740,0.05650193989276886,0.06234605237841606
17760,0.0585857555270195,0.061395224183797836
17780,0.059347573667764664,0.06427747011184692
17800,0.06046632304787636,0.06322811543941498
17820,0.057385582476854324,0.061528127640485764
17840,0.05648721754550934,0.0638936385512352
17860,0.06047723442316055,0.06251619011163712
17880,0.05867813155055046,0.06215731427073479
17900,0.05875937640666962,0.06285841763019562
17920,0.05740724503993988,0.06132931262254715
17940,0.05857759341597557,0.061621539294719696
17960,0.058352962136268616,0.0647338479757309
17980,0.05828222259879112,0.06749256700277328
18000,0.058305446058511734,0.06239490956068039
18020,0.05911785364151001,0.0636385828256607
18040,0.05706101655960083,0.06111631542444229
18060,0.058484263718128204,0.061874911189079285
18080,0.06149724870920181,0.06134503334760666
18100,0.05785742402076721,0.06426019966602325
18120,0.06248855218291283,0.0655505359172821
18140,0.06023513898253441,0.062406979501247406
18160,0.057915445417165756,0.06110633164644241
18180,0.05628589168190956,0.0637519434094429
18200,0.05753068998456001,0.061620280146598816
18220,0.05723962560296059,0.06231208145618439
18240,0.05802639201283455,0.06344223022460938
18260,0.05604827404022217,0.061998430639505386
18280,0.057444483041763306,0.060830481350421906
18300,0.05809079483151436,0.06201931834220886
18320,0.05746748670935631,0.062455855309963226
18340,0.05702146887779236,0.0621480755507946
18360,0.05806727707386017,0.06443441659212112
18380,0.058385368436574936,0.06333475559949875
18400,0.057173941284418106,0.062116850167512894
18420,0.0574207603931427,0.06379848718643188
18440,0.05684289708733559,0.06156289577484131
18460,0.06051086261868477,0.0660925954580307
18480,0.057853441685438156,0.06373882293701172
18500,0.05760927125811577,0.0633525624871254
18520,0.05787874758243561,0.06152753531932831
18540,0.0595644973218441,0.06349726766347885
18560,0.05727371573448181,0.062363654375076294
18580,0.056000154465436935,0.06319593638181686
18600,0.05508529767394066,0.0616731122136116
18620,0.05782582238316536,0.06140571087598801
18640,0.05942578241229057,0.06200937181711197
18660,0.0575699657201767,0.06305857747793198
18680,0.05781644582748413,0.06324861198663712
18700,0.05835655331611633,0.06174260377883911
18720,0.06045279651880264,0.06326908618211746
18740,0.058049384504556656,0.06095763295888901
18760,0.06058685481548309,0.06217016652226448
18780,0.05900132283568382,0.06655266880989075
18800,0.05523186922073364,0.06159833446145058
18820,0.05701187998056412,0.06180757284164429
18840,0.058498162776231766,0.065528504550457
18860,0.05773391202092171,0.061944276094436646
18880,0.055907584726810455,0.060555603355169296
18900,0.056024033576250076,0.06192777678370476
18920,0.06106528639793396,0.06160149723291397
18940,0.057010550051927567,0.060782045125961304
18960,0.057882409542798996,0.06224517524242401
18980,0.05944104492664337,0.061889685690402985
19000,0.06242389976978302,0.0635426938533783
19020,0.061307393014431,0.06288794428110123
19040,0.05982821807265282,0.06133505329489708
19060,0.055239398032426834,0.06269004940986633
19080,0.05747954919934273,0.060601599514484406
19100,0.05712710693478584,0.06449200958013535
19120,0.05902864784002304,0.061369888484478
19140,0.059352561831474304,0.062354180961847305
19160,0.056021761149168015,0.06116305664181709
19180,0.05555320158600807,0.061904504895210266
19200,0.05842093750834465,0.061924368143081665
19220,0.05789676681160927,0.0612114779651165
19240,0.06414549797773361,0.06317560374736786
19260,0.058645136654376984,0.061162956058979034
19280,0.0552818663418293,0.062316495925188065
19300,0.05496335029602051,0.060904115438461304
19320,0.06120100989937782,0.06301359832286835
19340,0.05545710399746895,0.0640304833650589
19360,0.05895468592643738,0.06136946380138397
19380,0.058669693768024445,0.0614931546151638
19400,0.05676937475800514,0.06355301290750504
19420,0.05755366384983063,0.06080574914813042
19440,0.05617918074131012,0.06184757128357887
19460,0.058636341243982315,0.060812339186668396
19480,0.05867142602801323,0.06508074700832367
19500,0.05590397119522095,0.06883446127176285
19520,0.05719691142439842,0.06190430745482445
19540,0.05829795449972153,0.06093946844339371
19560,0.0584237314760685,0.06126866117119789
19580,0.05677416920661926,0.06464692950248718
19600,0.05774447321891785,0.06155400723218918
19620,0.055090613663196564,0.06018361449241638
19640,0.056245144456624985,0.06023571267724037
19660,0.05548345297574997,0.06072787940502167
19680,0.05665061995387077,0.06323637068271637
19700,0.055457133799791336,0.06049255281686783
19720,0.05673399940133095,0.06290040165185928
19740,0.058038514107465744,0.062381718307733536
19760,0.056848444044589996,0.060637857764959335
19780,0.05521916225552559,0.06223031133413315
19800,0.05847853049635887,0.06109016761183739
19820,0.05669530853629112,0.06248524785041809
19840,0.055919792503118515,0.060894131660461426
19860,0.05839347466826439,0.06120583787560463
19880,0.05706328898668289,0.06601234525442123
19900,0.05676020309329033,0.06208624318242073
19920,0.05579042434692383,0.061409104615449905
19940,0.057893384248018265,0.06089906394481659
19960,0.05770335718989372,0.06145176663994789
19980,0.05732279643416405,0.061313480138778687
20000,0.05824357271194458,0.061875589191913605
20020,0.05706197768449783,0.06084625422954559
20040,0.05636683106422424,0.06123047694563866
20060,0.05630950257182121,0.060278598219156265
20080,0.05630112811923027,0.05938888341188431
20100,0.05654245242476463,0.06340143829584122
20120,0.057288799434900284,0.05969025194644928
20140,0.058097537606954575,0.06125612184405327
20160,0.05486704036593437,0.06443504244089127
20180,0.05559947341680527,0.061321571469306946
20200,0.06094959378242493,0.06252317875623703
20220,0.058370593935251236,0.06007767468690872
20240,0.05547455698251724,0.059379156678915024
20260,0.055432017892599106,0.05978717654943466
20280,0.056551653891801834,0.060594357550144196
20300,0.05538218095898628,0.06038348749279976
20320,0.05680394545197487,0.06139098107814789
20340,0.05797739699482918,0.060874443501234055
20360,0.05652834475040436,0.06120458245277405
20380,0.0561542846262455,0.0612662248313427
20400,0.0560397133231163,0.05959482491016388
20420,0.056507356464862823,0.06119706854224205
20440,0.05611549690365791,0.062240034341812134
20460,0.05588087812066078,0.06614946573972702
20480,0.05749092251062393,0.06168881058692932
20500,0.05396266654133797,0.060108497738838196
20520,0.057295918464660645,0.0600532703101635
20540,0.056054286658763885,0.06402571499347687
20560,0.05745195224881172,0.059773195534944534
20580,0.05653279274702072,0.062288157641887665
20600,0.0598442368209362,0.06251096725463867
20620,0.055682651698589325,0.06637318432331085
20640,0.05754712224006653,0.061348218470811844
20660,0.0552016906440258,0.06085328757762909
20680,0.055210866034030914,0.06672126799821854
20700,0.059336915612220764,0.062300682067871094
20720,0.05646518990397453,0.06110672652721405
20740,0.05462992191314697,0.06181514263153076
20760,0.05553818494081497,0.05958672612905502
20780,0.055815890431404114,0.06046902760863304
20800,0.05598556622862816,0.06117061898112297
20820,0.05758034810423851,0.06061859801411629
20840,0.060139842331409454,0.06103366240859032
20860,0.057400524616241455,0.06347719579935074
20880,0.05752143636345863,0.06045469641685486
20900,0.05651810020208359,0.059979598969221115
20920,0.05718117952346802,0.06313113868236542
20940,0.054906900972127914,0.06069156527519226
20960,0.05638238415122032,0.06208833307027817
20980,0.05529682710766792,0.06224513798952103
21000,0.05825415998697281,0.06244274973869324
21020,0.057074807584285736,0.059588104486465454
21040,0.05542067810893059,0.06024940311908722
21060,0.057895295321941376,0.06021484360098839
21080,0.05485604330897331,0.06120190769433975
21100,0.06069309636950493,0.06014733761548996
21120,0.05712880194187164,0.061529338359832764
21140,0.055389657616615295,0.058986689895391464
21160,0.05759738013148308,0.06081913784146309
21180,0.05830729007720947,0.06218365207314491
21200,0.05782947689294815,0.05954846739768982
21220,0.055654916912317276,0.06181984394788742
21240,0.05811138451099396,0.060884881764650345
21260,0.05601406469941139,0.062045879662036896
21280,0.05595676600933075,0.06175898015499115
21300,0.054438747465610504,0.05969852954149246
21320,0.05450788512825966,0.0604868046939373
21340,0.05572447180747986,0.06075605750083923
21360,0.053357746452093124,0.05994129180908203
21380,0.05806750804185867,0.06225482374429703
21400,0.058673590421676636,0.05934079736471176
21420,0.05581897869706154,0.06265442073345184
21440,0.05735097825527191,0.06260937452316284
21460,0.05570123344659805,0.059998318552970886
21480,0.05506522208452225,0.06423269212245941
21500,0.056107521057128906,0.059253983199596405
21520,0.05714385211467743,0.059108294546604156
21540,0.055504169315099716,0.05953666567802429
21560,0.058269377797842026,0.06016113981604576
21580,0.05502432584762573,0.06005164980888367
21600,0.05523304268717766,0.05967869982123375
21620,0.054866909980773926,0.06077107787132263
21640,0.055036015808582306,0.059993308037519455
21660,0.055296532809734344,0.05937087535858154
21680,0.056682270020246506,0.059399157762527466
21700,0.05532399192452431,0.05988632142543793
21720,0.05640491098165512,0.061261508613824844
21740,0.05547492578625679,0.06313586235046387
21760,0.05650057643651962,0.05976247042417526
21780,0.0567551888525486,0.06357262283563614
21800,0.05355218052864075,0.06012986972928047
21820,0.05589676275849342,0.06231345236301422
21840,0.055137749761343,0.05963098630309105
21860,0.05498059466481209,0.060289185494184494
21880,0.05608009546995163,0.05920609086751938
21900,0.05623554065823555,0.06030218303203583
21920,0.05450541153550148,0.06125635653734207
21940,0.054892245680093765,0.05964392423629761
21960,0.05608919635415077,0.060696858912706375
21980,0.05570756644010544,0.06117016822099686
22000,0.05485227704048157,0.05996007099747658
22020,0.05679077282547951,0.061921365559101105
22040,0.05519801005721092,0.06082448735833168
22060,0.05562276020646095,0.060934606939554214
22080,0.05642798915505409,0.059655994176864624
22100,0.0545085109770298,0.05937976762652397
22120,0.05428938567638397,0.06201758235692978
22140,0.05657685175538063,0.0592581182718277
22160,0.05589459091424942,0.058504343032836914
22180,0.053420115262269974,0.0606938973069191
22200,0.05424460396170616,0.06255381554365158
22220,0.056629884988069534,0.061413198709487915
22240,0.055294185876846313,0.060143083333969116
22260,0.055278483778238297,0.0595235750079155
22280,0.05511756241321564,0.05837269127368927
22300,0.05495164915919304,0.059238385409116745
22320,0.05440898239612579,0.05884915590286255
22340,0.05459074676036835,0.06051851809024811
22360,0.05537955090403557,0.06102291867136955
22380,0.05536998063325882,0.059298403561115265
22400,0.05383213981986046,0.060250405222177505
22420,0.05643211677670479,0.062017783522605896
22440,0.053729377686977386,0.05980876833200455
22460,0.05614312365651131,0.06196414679288864
22480,0.05336692929267883,0.06054258719086647
22500,0.05414416268467903,0.058304563164711
22520,0.056012965738773346,0.05884700268507004
22540,0.0541040264070034,0.05911310017108917
22560,0.05737602338194847,0.06057495251297951
22580,0.053746938705444336,0.06281835585832596
22600,0.0572500005364418,0.060576505959033966
22620,0.05576622486114502,0.06241251900792122
22640,0.05546809732913971,0.06002718210220337
22660,0.05452430248260498,0.060440946370363235
22680,0.05574241653084755,0.062093015760183334
22700,0.055740438401699066,0.06051432713866234
22720,0.056041911244392395,0.06070329621434212
22740,0.05501612648367882,0.058606985956430435
22760,0.0550813153386116,0.058749884366989136
22780,0.05727884918451309,0.060659803450107574
22800,0.05483105778694153,0.05977184325456619
22820,0.055687066167593,0.059776872396469116
22840,0.05439964681863785,0.05966559797525406
22860,0.05625062808394432,0.061017364263534546
22880,0.052798978984355927,0.059852633625268936
22900,0.053756289184093475,0.061983924359083176
22920,0.0554509237408638,0.05952973663806915
22940,0.055958911776542664,0.059087395668029785
22960,0.05623580515384674,0.060325443744659424
22980,0.05488390848040581,0.05933462828397751
23000,0.05641704797744751,0.060315489768981934
23020,0.05497220903635025,0.06009754538536072
23040,0.05442708358168602,0.05889114737510681
23060,0.05383038520812988,0.05987616628408432
23080,0.05645114928483963,0.06238127499818802
23100,0.055582232773303986,0.06163986772298813
23120,0.05376341566443443,0.059884894639253616
23140,0.05590680614113808,0.06275065243244171
23160,0.05524143576622009,0.05807168781757355
23180,0.053555428981781006,0.060216471552848816
23200,0.052783023566007614,0.05981413275003433
23220,0.055518314242362976,0.06019822135567665
23240,0.05454010143876076,0.059394292533397675
23260,0.05472665652632713,0.05998622253537178
23280,0.05426029488444328,0.060773953795433044
23300,0.05569753050804138,0.06124195456504822
23320,0.054453179240226746,0.05864180624485016
23340,0.05647870525717735,0.05870229750871658
23360,0.05594612658023834,0.06587696820497513
23380,0.05533868074417114,0.05997803434729576
23400,0.05668044090270996,0.059926532208919525
23420,0.05408646538853645,0.059910938143730164
23440,0.054843418300151825,0.05989481508731842
23460,0.05655322223901749,0.05860156565904617
23480,0.05590037256479263,0.06149118021130562
23500,0.05459392070770264,0.06227746605873108
23520,0.05576012656092644,0.05867594853043556
23540,0.054727230221033096,0.06593187898397446
23560,0.05529294162988663,0.06046067923307419
23580,0.05659563094377518,0.060706935822963715
23600,0.05677279457449913,0.059200551360845566
23620,0.0541238971054554,0.05987968295812607
23640,0.05441228672862053,0.05905270203948021
23660,0.05652475729584694,0.05978873372077942
23680,0.05617421120405197,0.06064450740814209
23700,0.0536007396876812,0.059158798307180405
23720,0.05572756379842758,0.059559546411037445
23740,0.05281030386686325,0.059965163469314575
23760,0.053527604788541794,0.057905398309230804
23780,0.05301080644130707,0.059182487428188324
23800,0.05531224608421326,0.05960889533162117
23820,0.05673855170607567,0.05989643931388855
23840,0.05352601408958435,0.06037252023816109
23860,0.05289330706000328,0.060576844960451126
23880,0.054000500589609146,0.05975518375635147
23900,0.05316414311528206,0.06083542853593826
23920,0.052181169390678406,0.058083511888980865
23940,0.05568355321884155,0.05946069955825806
23960,0.05354900658130646,0.05854863300919533
23980,0.055909205228090286,0.05974234640598297
24000,0.05379737913608551,0.05820007622241974
24020,0.05417627841234207,0.05826804041862488
24040,0.053339067846536636,0.06035500019788742
24060,0.053559817373752594,0.06006978452205658
24080,0.054195236414670944,0.05921993404626846
24100,0.054857272654771805,0.05826345831155777
24120,0.057618509978055954,0.058680951595306396
24140,0.05379816144704819,0.05881894752383232
24160,0.0534711629152298,0.05900005251169205
24180,0.05432713404297829,0.05845239758491516
24200,0.05520878732204437,0.05976099893450737
24220,0.05689216032624245,0.058277927339076996
24240,0.054856836795806885,0.059968698769807816
24260,0.05607059597969055,0.05852745473384857
24280,0.0538349412381649,0.059900544583797455
24300,0.053866878151893616,0.06065814197063446
24320,0.05446729436516762,0.060354843735694885
24340,0.05399831011891365,0.06071694567799568
24360,0.05348672345280647,0.058095429092645645
24380,0.05443412438035011,0.05838881433010101
24400,0.052798692137002945,0.058319300413131714
24420,0.057588960975408554,0.059240661561489105
24440,0.053448788821697235,0.05970657989382744
24460,0.05321450158953667,0.0597369447350502
24480,0.0545177087187767,0.05926946550607681
24500,0.05214544013142586,0.058927733451128006
24520,0.05503339692950249,0.05849829688668251
24540,0.05490773171186447,0.06008191406726837
24560,0.05200743302702904,0.058800406754016876
24580,0.05484287440776825,0.061196912080049515
24600,0.055807314813137054,0.05872341990470886
24620,0.05287377908825874,0.05872981250286102
24640,0.054567620158195496,0.05859654024243355
24660,0.054695017635822296,0.05945317819714546
24680,0.05225673317909241,0.05870833620429039
24700,0.05357121676206589,0.05863033980131149
24720,0.05616537109017372,0.06089428439736366
24740,0.05484584718942642,0.058989427983760834
24760,0.05485507845878601,0.05986187607049942
24780,0.052426088601350784,0.058596059679985046
24800,0.05363563075661659,0.05825547128915787
24820,0.053852349519729614,0.05784192681312561
24840,0.05452129989862442,0.058465540409088135
24860,0.05499627813696861,0.05932120978832245
24880,0.05406716838479042,0.05927019566297531
24900,0.054505325853824615,0.05951983109116554
24920,0.055002979934215546,0.05965067073702812
24940,0.053468722850084305,0.059821389615535736
24960,0.051952511072158813,0.0583137646317482
24980,0.05217389762401581,0.05928552523255348
25000,0.053205959498882294,0.059977881610393524
25020,0.05622426047921181,0.06150292977690697
25040,0.05427415668964386,0.05885052680969238
25060,0.05645587295293808,0.06032714992761612
25080,0.05489663779735565,0.05891764909029007
25100,0.05431220680475235,0.05788516625761986
25120,0.0544588565826416,0.05778951942920685
25140,0.05360632762312889,0.058412760496139526
25160,0.05286296829581261,0.05819494649767876
25180,0.053378984332084656,0.06394066661596298
25200,0.054493509232997894,0.058227360248565674
25220,0.054032184183597565,0.05774672329425812
25240,0.05650315061211586,0.05794525519013405
25260,0.05590618774294853,0.06222589686512947
25280,0.054206497967243195,0.05976410210132599
25300,0.05606607720255852,0.058076467365026474
25320,0.053196366876363754,0.0583195835351944
25340,0.0518832765519619,0.05879013240337372
25360,0.055036261677742004,0.0592147521674633
25380,0.055242083966732025,0.061081141233444214
25400,0.053418565541505814,0.05765657126903534
25420,0.05460875853896141,0.059143584221601486
25440,0.052899859845638275,0.05859676003456116
25460,0.054691776633262634,0.05785489082336426
25480,0.05516503006219864,0.05958344414830208
25500,0.05410051345825195,0.05777027830481529
25520,0.055061373859643936,0.06013285741209984
25540,0.05508136376738548,0.05811862647533417
25560,0.05219472199678421,0.05803794786334038
25580,0.05107111483812332,0.06148836389183998
25600,0.05349830910563469,0.05959969758987427
25620,0.05690019577741623,0.06050734966993332
25640,0.05190807580947876,0.05947441980242729
25660,0.053600478917360306,0.057505518198013306
25680,0.05331053212285042,0.05855932459235191
25700,0.054246775805950165,0.059566572308540344
25720,0.05280039459466934,0.05789615958929062
25740,0.054405275732278824,0.059550002217292786
25760,0.051621150225400925,0.0644504651427269
25780,0.05718507245182991,0.06158202141523361
25800,0.05203450098633766,0.05849409103393555
25820,0.05446483939886093,0.059899844229221344
25840,0.053601138293743134,0.057888470590114594
25860,0.051810331642627716,0.058228105306625366
25880,0.05213005468249321,0.06014515832066536
25900,0.058442242443561554,0.05823860317468643
25920,0.05389278009533882,0.061045169830322266
25940,0.054045841097831726,0.061145149171352386
25960,0.051568638533353806,0.06174292415380478
25980,0.0533267967402935,0.05641891434788704
26000,0.052484799176454544,0.05933092534542084
26020,0.05282468721270561,0.05814327299594879
26040,0.051648080348968506,0.05939805507659912
26060,0.058218978345394135,0.06002024561166763
26080,0.05283525958657265,0.05790512636303902
26100,0.052446309477090836,0.058013901114463806
26120,0.05273177847266197,0.0597069188952446
26140,0.0527614988386631,0.05776119977235794
26160,0.05349759757518768,0.059285279363393784
26180,0.05282165855169296,0.058454714715480804
26200,0.05388340726494789,0.05915949493646622
26220,0.05195646733045578,0.05863582715392113
26240,0.052828349173069,0.06054849177598953
26260,0.0519307516515255,0.05780160054564476
26280,0.05181008577346802,0.05746278166770935
26300,0.05272635072469711,0.05962739139795303
26320,0.05203348770737648,0.05913498252630234
26340,0.053752731531858444,0.05790480971336365
26360,0.05157052353024483,0.058506451547145844
26380,0.051333315670490265,0.0597403310239315
26400,0.05200977623462677,0.057131413370370865
26420,0.05457603558897972,0.057859305292367935
26440,0.05311349779367447,0.05805962160229683
26460,0.053011562675237656,0.057671695947647095
26480,0.05548488348722458,0.05921816825866699
26500,0.0514276884496212,0.059592198580503464
26520,0.05421010032296181,0.059131912887096405
26540,0.054828744381666183,0.06117633730173111
26560,0.053173478692770004,0.0593360960483551
26580,0.0528886653482914,0.05804175138473511
26600,0.0544690266251564,0.05794680118560791
26620,0.05286412313580513,0.05723597854375839
26640,0.05584287643432617,0.059328168630599976
26660,0.053722675889730453,0.06063229590654373
26680,0.05558253079652786,0.05748148635029793
26700,0.053341932594776154,0.057013291865587234
26720,0.05380629748106003,0.057152580469846725
26740,0.056346531957387924,0.05732758343219757
26760,0.05222514271736145,0.057437144219875336
26780,0.05330682173371315,0.0595901682972908
26800,0.05515456199645996,0.060396164655685425
26820,0.05828097090125084,0.06050081178545952
26840,0.053560152649879456,0.05860739201307297
26860,0.05413629859685898,0.062352847307920456
26880,0.05128738656640053,0.05744161084294319
26900,0.05057508498430252,0.05652724951505661
26920,0.05300520360469818,0.058349840342998505
26940,0.051788579672575,0.0589979849755764
26960,0.05127052590250969,0.05884711444377899
26980,0.053568560630083084,0.05855510011315346
27000,0.05330057069659233,0.05694365128874779
27020,0.05248508229851723,0.05742095410823822
27040,0.05119892954826355,0.05785955488681793
27060,0.051925040781497955,0.05851268395781517
27080,0.05240769311785698,0.05872144177556038
27100,0.054396625608205795,0.05830281227827072
27120,0.05372505262494087,0.05697818100452423
27140,0.05237959697842598,0.058878663927316666
27160,0.05327042192220688,0.05703015625476837
27180,0.05102040246129036,0.057226330041885376
27200,0.052622657269239426,0.057683221995830536
27220,0.05370796099305153,0.057270776480436325
27240,0.05257648602128029,0.05796433240175247
27260,0.052616555243730545,0.05665528029203415
27280,0.05021469295024872,0.05978643521666527
27300,0.0529191754758358,0.0582108199596405
27320,0.0510389544069767,0.05736717954277992
27340,0.05391816049814224,0.05829933285713196
27360,0.053373634815216064,0.057229962199926376
27380,0.053402215242385864,0.05946855992078781
27400,0.054677173495292664,0.059570882469415665
27420,0.050942614674568176,0.05792474001646042
27440,0.05428026616573334,0.05744294077157974
27460,0.052545901387929916,0.05805987864732742
27480,0.0536314882338047,0.057685330510139465
27500,0.04950197786092758,0.056488409638404846
27520,0.053747255355119705,0.05916852504014969
27540,0.05164462327957153,0.05787356197834015
27560,0.05104713886976242,0.05894087255001068
27580,0.05317328870296478,0.05737769976258278
27600,0.051632340997457504,0.06266257166862488
27620,0.05312545597553253,0.0577818863093853
27640,0.05282784625887871,0.061124037951231
27660,0.05552772060036659,0.05762512609362602
27680,0.05196312814950943,0.059564702212810516
27700,0.05227041244506836,0.05829302966594696
27720,0.053396280854940414,0.05826932564377785
27740,0.05211207643151283,0.05892215669155121
27760,0.053363680839538574,0.057217907160520554
27780,0.05381597578525543,0.058281708508729935
27800,0.051848094910383224,0.05907833203673363
27820,0.05104319006204605,0.05808211490511894
27840,0.05210243538022041,0.058609262108802795
27860,0.05213196203112602,0.05875887721776962
27880,0.05264414846897125,0.06134119629859924
27900,0.050842054188251495,0.05708279460668564
27920,0.05502263829112053,0.05725841969251633
27940,0.05832595378160477,0.05971640348434448
27960,0.050141628831624985,0.058117687702178955
27980,0.05279170349240303,0.05731799453496933
28000,0.05166157707571983,0.05811164528131485
28020,0.05180535465478897,0.057686712592840195
28040,0.05351085588335991,0.05738372355699539
28060,0.054091498255729675,0.0595175176858902
28080,0.052755557000637054,0.06082799285650253
28100,0.05542416498064995,0.05816767364740372
28120,0.051737651228904724,0.05633192136883736
28140,0.054838232696056366,0.05801781639456749
28160,0.05186734348535538,0.05966006964445114
28180,0.050100021064281464,0.05838310346007347
28200,0.05098281428217888,0.05884218215942383
28220,0.0517103336751461,0.0591522678732872
28240,0.052161384373903275,0.05736508220434189
28260,0.052842698991298676,0.058033037930727005
28280,0.050563883036375046,0.057572152465581894
28300,0.05171899124979973,0.05772395804524422
28320,0.05170002579689026,0.05852734297513962
28340,0.05103672668337822,0.058167990297079086
28360,0.05415104329586029,0.058539018034935
28380,0.05476071313023567,0.05862663686275482
28400,0.05370326712727547,0.05763224512338638
28420,0.05334201082587242,0.060124389827251434
28440,0.05589725077152252,0.059649333357810974
28460,0.05194934457540512,0.06027265265583992
28480,0.05304307863116264,0.05703569948673248
28500,0.05109558254480362,0.05772719159722328
28520,0.05263839289546013,0.05899600684642792
28540,0.05220465362071991,0.05935566872358322
28560,0.0507330559194088,0.05744574964046478
28580,0.05215510353446007,0.056617118418216705
28600,0.05197060853242874,0.05812607333064079
28620,0.05127200484275818,0.05841311812400818
28640,0.04975336045026779,0.05677943304181099
28660,0.0531313493847847,0.06067521497607231
28680,0.05426448956131935,0.05850306525826454
28700,0.052270349115133286,0.05648179352283478
28720,0.05211419239640236,0.05820179358124733
28740,0.05156741291284561,0.05668703094124794
28760,0.05264851450920105,0.057793714106082916
28780,0.051638998091220856,0.059726499021053314
28800,0.05145571753382683,0.05710138380527496
28820,0.052929457277059555,0.05650458112359047
28840,0.055017780512571335,0.05761520564556122
28860,0.049001295119524,0.05680853873491287
28880,0.051020510494709015,0.05731428042054176
28900,0.050357669591903687,0.05688946694135666
28920,0.05129849538207054,0.05894581601023674
28940,0.051317423582077026,0.05567418783903122
28960,0.051839277148246765,0.05616180598735809
28980,0.05086768418550491,0.05652180686593056
29000,0.05148158594965935,0.058026526123285294
29020,0.05237588658928871,0.05794302001595497
29040,0.05171620473265648,0.056984975934028625
29060,0.05103809013962746,0.05758704990148544
29080,0.05341903492808342,0.06408998370170593
29100,0.054255567491054535,0.058299917727708817
29120,0.05093708261847496,0.05617423728108406
29140,0.05014944449067116,0.05809171870350838
29160,0.0510525144636631,0.058239325881004333
29180,0.051817361265420914,0.059136711061000824
29200,0.05091596394777298,0.05735267326235771
29220,0.051389291882514954,0.05818229913711548
29240,0.05191643163561821,0.05960353836417198
29260,0.05396743491292,0.0582355335354805
29280,0.05233012139797211,0.05892027169466019
29300,0.051259469240903854,0.057136278599500656
29320,0.05144648626446724,0.057325929403305054
29340,0.05132339894771576,0.056040193885564804
29360,0.05509273707866669,0.05995660647749901
29380,0.05008365213871002,0.05639443174004555
29400,0.051278308033943176,0.057440295815467834
29420,0.050409626215696335,0.05852317065000534
29440,0.050638552755117416,0.056954238563776016
29460,0.051903072744607925,0.05809926614165306
29480,0.05094286426901817,0.05565299093723297
29500,0.051178038120269775,0.056653693318367004
29520,0.04928518831729889,0.055691514164209366
29540,0.051941897720098495,0.05813951790332794
29560,0.0507395975291729,0.05600578710436821
29580,0.05085299536585808,0.05514225363731384
29600,0.05257255584001541,0.05586358904838562
29620,0.053093209862709045,0.056535787880420685
29640,0.05012735351920128,0.05908706784248352
29660,0.053276944905519485,0.057620707899332047
29680,0.052691683173179626,0.05676061287522316
29700,0.049581483006477356,0.05947628617286682
29720,0.05159175395965576,0.05758533254265785
29740,0.05146746709942818,0.0578809455037117
29760,0.05336829647421837,0.05898679420351982
29780,0.05240817740559578,0.057253867387771606
29800,0.05180538073182106,0.058864809572696686
29820,0.051198821514844894,0.05751654505729675
29840,0.05214053764939308,0.05737605690956116
29860,0.050788432359695435,0.05651617795228958
29880,0.05002725124359131,0.05744399130344391
29900,0.0509972870349884,0.05640271306037903
29920,0.05115347355604172,0.05654572695493698
29940,0.05232425034046173,0.05662672594189644
29960,0.05201520398259163,0.057435501366853714
29980,0.048989083617925644,0.061214517802000046
30000,0.05096353217959404,0.058615367859601974
